ProductDescription,Prices
" Lenovo Ideapad Slim 1 14IJL7 Intel Celeron N4500
IdeaPad Slim 1i 14IJL7 82LV0026PH ,Intel Celeron N4500 (2C / 2T, 1.1 / 2.8GHz, 4MB L3)
Integrated Intel UHD Graphic . 4GB Soldered DDR4-2933 , 128GB eMMC 5.1 storage , Display 14 inch HD (1366x768) TN 220nits Anti-glare , Battery Integrated 42Wh , WLAN + Bluetooth 11ac, 2x2 + BT5.0  Windows 11 
                        	Pay only P 1,882 a Month for 12 months or
P 3,565 a Month for 6 months on major credit cards.
						
"," ₱ 19,995

"
" Lenovo IDEAPAD 1 14IJL7 82LV0026PH Intel Celeron N4500
Intel Celeron N4500 (2C / 2T, 1.1 / 2.8GHz, 4MB L3),Integrated Intel UHD Graphic ,4GB Soldered DDR4-2933,128GB eMMC 5.1 storage ,Display 14 inch HD (1366x768) TN 220nits Anti-glare ,Battery Integrated 42Wh,WLAN + Bluetooth 11ac, 2x2 + BT5.0,Windows 11 
                        	Pay only P 1,977 a Month for 12 months or
P 3,744 a Month for 6 months on major credit cards.
						
"," ₱ 20,999

"
" HP 14S-DQ0509TU Intel Celeron N4120
Intel Celeron N4120 (1.1 GHz base frequency, up to 2.6 GHz burst frequency, 4 MB L2 cache, 4 cores), 4GB DDR4-2400 SDRAM, 256GB PCIe NVMe M.2 SSD, 14 inches HD display (1366 x 768), Intel UHD Graphics 600, Windows 11 
                        	Pay only P 2,070 a Month for 12 months or
P 3,921 a Month for 6 months on major credit cards.
						
"," ₱ 21,990

"
" Asus X415MA-BV373W Intel Celeron N4020
Intel Celeron N4020 Processor, 4GB DDR4, 256GB M.2 NVMe PCIe 3.0 SSD, 14 inches  HD Display (1366 x 768), Intel UHD Graphics, Windows 11 
                        	Pay only P 2,071 a Month for 12 months or
P 3,922 a Month for 6 months on major credit cards.
						
"," ₱ 21,995

"
" Acer Aspire 3 A314-35-C6Y8 Intel Celeron N4500
Intel Celeron dual-core processor N4500, 4GB of DDR4, 256GB NVMe SSD, 14 inches HD 1366 x 768, Intel UHD Graphics, Windows 10 Home 
                        	Pay only P 2,071 a Month for 12 months or
P 3,922 a Month for 6 months on major credit cards.
						
"," ₱ 21,995

"
" Acer Extensa EX215-31-P6XB Intel Pentium Silver N5030
Intel Pentium Silver N5030 Processor (4 MB L2 Cache, 1.10 GHz, up to 3.10 GHz, 4GB (1x 4GB onboard), 1TB HDD, 15.6 inches Full HD 1920 x 1080, Intel UHD Graphics, Windows 10 
                        	Pay only P 2,071 a Month for 12 months or
P 3,923 a Month for 6 months on major credit cards.
						
"," ₱ 21,999

"
" Lenovo IDEAPAD 3 14IGL05 81WH004BPH Intel Celeron N4120
Intel Celeron N4120 (4C / 4T, 1.1 / 2.6GHz, 4MB), 4GB Soldered DDR4-2400, 512GB SSD M.2 2280 PCIe 3.0x4 NVMe, 14 inches HD (1366x768) TN 220nits Anti-glare, Intel UHD Graphics 600, Windows 11 
                        	Pay only P 2,071 a Month for 12 months or
P 3,923 a Month for 6 months on major credit cards.
						
"," ₱ 21,999

"
" Acer Aspire 3 A315-35-C6GV Intel Celeron N4500
Intel Celeron dual-core processor N4500, 4GB of DDR4 system memory max 16GB, 256GB NVMe SSD (HDD Upgrade kit ready), 15.6 inches Full HD (1920 x 1080), Intel UHD graphics, Windows 11 
                        	Pay only P 2,118 a Month for 12 months or
P 4,012 a Month for 6 months on major credit cards.
						
"," ₱ 22,499

"
" Acer Aspire 3 A314-35-C733 Intel Celeron N4500
Intel Celeron dual-core processor N4500 (4 MB L2 cache, 1.10 GHz, up to 2.80 GHz with Intel Burst Technology, DDR4 or LPDDR4), 4GB of DDR4 upgradeable to 16GB, 256GB NVMe SSD14 inches HD 1366 x 768 resolution, Intel UHD Graphics, Windows 11 
                        	Pay only P 2,118 a Month for 12 months or
P 4,012 a Month for 6 months on major credit cards.
						
"," ₱ 22,499

"
" Asus E410KA- EK335W Intel Celeron N4500
Asus E410KA-EK335W Intel Celeron N4500, 4GB DDR4,256GB SSD,
Intel UHD Grraphics Windows 11 home 
                        	Pay only P 2,165 a Month for 12 months or
P 4,100 a Month for 6 months on major credit cards.
						
"," ₱ 22,995

"
" Asus X415MA-BV448T Intel Celeron N4020
Intel Celeron N4020 Processor 1.1 GHz (4M Cache, up to 2.8 GHz, 2 cores), 4GB DDR4, 1TB HDD + 128GB NVMe SSD, 14 inches HD 1366x768 Display, Intel UHD Graphics, Windows 10 Pay only P 3,999 a Month for 6 months or
P 2,139 a Month for 12 months on major credit cards.
"," ₱ 23,999

"
" Acer Aspire 3 A314-35-P9UJ Intel Pentium Silver N6000
Intel Pentium Silver N6000 Processor, 8GB DDR4, 256GB SSD, 14 inches HD, Intel HD Graphics, WIN10 
                        	Pay only P 2,353 a Month for 12 months or
P 4,456 a Month for 6 months on major credit cards.
						
"," ₱ 24,990

"
" Acer Aspire 5 A514-53-395P Intel Core i3 10th Gen
Intel Core i3-1005G1 1.2Ghz, 4GB DDR4, 256GB NVMe SSD, 14 inches HD (1366x768) Acer ComfyView, Intel UHD Graphics, Windows 10 
                        	Pay only P 2,353 a Month for 12 months or
P 4,457 a Month for 6 months on major credit cards.
						 22,999 for Cash buyers
"," ₱ 24,995

"
" Acer Aspire 3 A314-35-P4BJ Intel Pentium Silver N6000
Intel Pentium Silver N6000 Processor (4 MB L2 Cache, 1.10 GHz, up to 3.30 GHz with Intel Burst Technology, DDR4 or LPDDR4), 8GB DDR4 memory, 256GB PCIe NVMe SSD, 14 inches HD 1366 x 768, Intel UHD Graphics, Windows 10 Home 
                        	Pay only P 2,354 a Month for 12 months or
P 4,458 a Month for 6 months on major credit cards.
						
"," ₱ 24,999

"
" Acer Aspire 3 A314-35-P0DC Intel Pentium Silver N6000
Intel Pentium Silver N6000 Processor (4 MB L2 Cache, 1.10 GHz, up to 3.30 GHz with Intel Burst Technology, DDR4 or LPDDR4), 8GB of DDR4 upgradable to 16GB, 256GB NVMe SSD, 14 inches HD 1366 x 768 resolution Acer ComfyViewTM LED-backlit TFT LCD, Intel UHD Graphics, Windows 11 
                        	Pay only P 2,354 a Month for 12 months or
P 4,458 a Month for 6 months on major credit cards.
						
"," ₱ 24,999

"
" Acer Acer Aspire 3 A315-35-P5N9 Intel Pentium Silver N6000
Intel Pentium Silver N6000 Processor (4 MB L2 Cache, 1.10 GHz, up to 3.30 GHz with Intel Burst Technology, DDR4 or LPDDR4), 8GB of DDR4 system memory, 256GB NVMe SSD, 15.6 inches Full HD 1920 x 1080, Intel UHD Graphics, Windows 11 
                        	Pay only P 2,354 a Month for 12 months or
P 4,458 a Month for 6 months on major credit cards.
						
"," ₱ 24,999

"
" Asus X415KA-BV042T Intel Pentium Silver N6000
Intel Pentium Silver N6000 Processor, 8GB DDR4 RAM, 256GB PCI3 SSD, 14 inches HD (1366 x 768), Intel UHD Graphics, Windows 10 
                        	Pay only P 2,447 a Month for 12 months or
P 4,635 a Month for 6 months on major credit cards.
						
"," ₱ 25,995

"
" Asus X515KA-BR060T Intel Pentium Silver N6000
Intel Pentium Silver N6000, 8GB DDR4, 256GB M.2 NVMe SSD
15.6 Inches (1366 X 768), Intel UHD Graphics, Windows 10 
                        	Pay only P 2,447 a Month for 12 months or
P 4,635 a Month for 6 months on major credit cards.
						
"," ₱ 25,995

"
" HP 14s-DQ3036TU Intel Pentium Silver N6000
Intel Pentium N6000 (up to 3.3 GHz burst frequency, 4 MB L3 cache, 4 cores, 4 threads), 8GB DDR4-2933 SDRAM, 256GB PCIe NVMe M.2 SSD, 14 inches diagonal HD (1366 x 768), Intel UHD Graphics, Windows 11 
                        	Pay only P 2,448 a Month for 12 months or
P 4,636 a Month for 6 months on major credit cards.
						
"," ₱ 25,999

"
" Acer Aspire 3 A315-58-345U Intel Core i3 11th Gen
Intel Core i3-1115G4 (4MB Smart Cache, 1.2 Ghz with Turbo Boost up to 3.4 Ghz, DDR4 or LPDDR4), 4GB of onboard DDR4 memory, 256GB NVMe SSD (HDD Upgrade Kit Ready), 15.6 inches FHD 1920 x 1080, Intel UHD Graphics, Windows 11 
                        	Pay only P 2,542 a Month for 12 months or
P 4,814 a Month for 6 months on major credit cards.
						
"," ₱ 26,999

"
" Asus M515DA-BR918T AMD Ryzen 3 3250U
AMD Ryzen 3 3250U, 4GB+4GB (Onboard) DDR4 Memory, 256GB NVMe M.2 SSD, 15.6 inches Display, AMD Radeon Graphics, Windows 10 Pay only P 9,331 a Month for 3 months on major credit cards.
"," ₱ 27,995

"
" Lenovo IdeaPad Slim 3i 15IML05 81WB01E1PH Intel Core i3 10th Gen
Intel Core i3-10110U (2C / 4T, 2.1 / 4.1GHz, 4MB), 4GB Soldered DDR4-2666 + 4GB DDR4-2666, 512GB SSD M.2 2280 PCIe 3.0x4 NVMe, 15.6 inches FHD (1920x1080), Integrated Intel UHD Graphics, Windows 11 
                        	Pay only P 2,636 a Month for 12 months or
P 4,993 a Month for 6 months on major credit cards.
						
"," ₱ 27,999

"
" Lenovo IdeaPad Slim 3i 15ITL05 81X800EBPH Intel Core i3 11th Gen
Intel Core i3-1115G4 (2C / 4T, 3.0 / 4.1GHz, 6MB), 8GB DDR4 (4GB Soldered DDR4-2666 + 4GB SO-DIMM DDR4-2666), 256GB SSD M.2 2242 PCIe 3.0x4 NVMe,15.6 inches FHD (1920x1080), Integrated Intel UHD Graphics, Windows 11 
                        	Pay only P 2,730 a Month for 12 months or
P 5,170 a Month for 6 months on major credit cards.
						
"," ₱ 28,995

"
" Acer Aspire 5 A514-54-31WL Intel Core i3 11th Gen
Intel Core i3-1115G4 processor (6 MB Smart Cache, 3.0 GHz with Turbo Boost up to 4.1 GHz, DDR4 or LPDDR4x), 8GB of onboard DDR4 system memory, 256 NVMe SSD, 14 inches display with IPS (In-Plane Switching) technology, Full HD 1920 x 1080, Intel UHD Graphics, Windows 11 
                        	Pay only P 2,730 a Month for 12 months or
P 5,171 a Month for 6 months on major credit cards.
						
"," ₱ 28,999

"
" Acer Aspire 3  A315-58- 39ww Intel Core I3- 1115G4
Aspire 3 A315-58-39WW 15.6 (Pure Silver) , 15.6 FHD , Intel Core i3-1115G4 , 12GB RAM DDR4 , 256GB SSD , Intel UHD graphics , Windows 11 Home, 
                        	Pay only P 2,730 a Month for 12 months or
P 5,171 a Month for 6 months on major credit cards.
						 Take P1,500 OFF + FREE Acer Folding Desk. Exclusive offer for Online Cash Buyers and Cash Buyers at Asianic (SM Masinag, SM Cubao, SM Mall of Asia, SM San Lazaro & Ayala Market Market) Valid until Sep 19, 2022.
"," ₱ 28,999


"
" Acer Swift 1 SF114-33-P31M Intel Pentium N5030
Intel Pentium N5030 1.10 GHz Quad-core, 14 inches Full HD, Intel UHD Graphics 605, 4GB DDR4, 512 GB SSD, Windows 10, with Keyboard Backlit. Pay only P 4,998 a Month for 6 months or
P 2,674 a Month for 12 months on major credit cards.
"," ₱ 29,990

"
" HP 14s-FQ1097AU AMD Ryzen 3 5300U
AMD Ryzen 3 5300U (up to 3.8 GHz max boost clock, 4 MB L3 cache, 4 cores, 8 threads), 4GB DDR4-2400 SDRAM, 256GB PCIe NVMe M.2 SSD, 14 inches diagonal FHD (1920 x 1080), AMD Radeon Graphics, Windows 11 
                        	Pay only P 2,824 a Month for 12 months or
P 5,348 a Month for 6 months on major credit cards.
						 FREE Memory upgrade to 12GB. Exclusive offer for Online Cash Buyers and Cash Buyers at Asianic (SM Manila, SM North Edsa, SM Masinag, SM Megamall & SM Mall of Asia) Valid until Sep 19, 2022.
"," ₱ 29,990


"
" Asus Vivobook M515DA-BR915T AMD Ryzen 3 3250U
AMD Ryzen 3 3250U Mobile Processor (2-core/4-thread, 5MB cache, up to 3.5 GHz max boost), 4GB DDR4 onboard, 4GB DDR4 SO-DIMM up to 12GB max, 256GB M.2 NVMe SSD +  1TB SATA HDD, 15.6-inch, FHD (1920 x 1080), AMD Radeon Graphics, Windows 10 
                        	Pay only P 2,824 a Month for 12 months or
P 5,349 a Month for 6 months on major credit cards.
						
"," ₱ 29,995

"
" Asus M415DA-BV940W AMD Ryzen 3 3250U
AMD Ryzen 3 3250U Mobile Processor (2C/4T, 5MB Cache, 3.5 GHz Max Boost), 4GB DDR4 + 4GB onboard, 128GB M.2 NVMe PCIe 3.0 SSD + 1TB HDD, AMD Radeon Graphics, 14 inches, HD (1366 x 768), Windows 11 Home 
                        	Pay only P 2,824 a Month for 12 months or
P 5,349 a Month for 6 months on major credit cards.
						
"," ₱ 29,995

"
" Asus M415DA-BV734T AMD Ryzen 3 3250U
AMD Ryzen 3 3250U 2.6 GHz (4M Cache, up to 3.5 GHz, 2 cores) Processor, 8GB (4GB DDR4 on board + 4GB DDR4 SO-DIMM) DDR4, 128GB M.2 NVMe SSD, 14 inches HD (1366x768) Display, AMD Radeon Graphics, Windows 10 
                        	Pay only P 2,824 a Month for 12 months or
P 5,349 a Month for 6 months on major credit cards.
						
"," ₱ 29,995

"
" Asus X415EA-EK1177WS Intel Core i3 11th Gen
Inte Core i3-1115G4, 8GB DDR4, 256GB NVMe M.2 SSD, 14 inches FHD (1920 x 1080) Display, Intel UHD Graphics, Windows 11, Microsoft Office Home and Student 2021 (Pre-Installed) 
                        	Pay only P 2,824 a Month for 12 months or
P 5,349 a Month for 6 months on major credit cards.
						
"," ₱ 29,995

"
" Lenovo Slim3 14ALC6 82KT002QPH Ryzen 3 5300U
AMD Ryzen 3 5300U (4C / 8T, 2.6 / 3.8GHz, 2MB L2 / 4MB L3), 8GB DDR4 (4GB Soldered DDR4-3200 + 4GB SO-DIMM DDR4-3200), 512GB SSD M.2 2242 PCIe 3.0x4 NVMe, 14 inches FHD (1920x1080), Windows 10 Home 64 Pay only P 4,999 a Month for 6 months or
P 2,674 a Month for 12 months on major credit cards.
"," ₱ 29,995

"
" Acer Aspire 5 A514-54-35EB Intel Core i3 11th Gen
Intel Core i3-1115G4 (3.0 upto 4.1 Ghz / 6MB Smart Cache), 8GB DDR4 onboard (upto 24GB), 256GB NVMe SSD, 14 inches Full HD 1920 x 1080 LED Display, Intel UHD Graphics, Windows 11 
                        	Pay only P 2,824 a Month for 12 months or
P 5,349 a Month for 6 months on major credit cards.
						 NOW! P28,999 Promo. Valid until August 15, 2022
"," ₱ 29,999

"
" Acer Aspire 3 A315-59-30AL Intel Core i3 12th Gen
Intel Core i3-1215U (10M Cache, up to 4.40 GHz, 6C/8T), 12GB DDR4, 256GB PCIe NVMe M.2 SSD, 15.6 inches FHD Display (4096 x 2304), Intel UHD Graphics, Windows 11 
                        	Pay only P 2,824 a Month for 12 months or
P 5,349 a Month for 6 months on major credit cards.
						
"," ₱ 29,999

"
" Acer Aspire 5 A514-54-3918 Intel Core i3 11th Gen
Intel Core i3-1115G4 processor (6 MB Smart Cache, 3.0 GHz with Turbo Boost up to 4.1 GHz, 8 GB of onboard DDR4, 256GB NVMe SSD, 14.0 inches display FHD 1920 x 1080, Intel UHD Graphics, Windos 10 Pay only P 4,999 a Month for 6 months or
P 2,674 a Month for 12 months on major credit cards.
"," ₱ 29,999

"
" Acer Travelmate P214-52-33WN Intel Core i3 10th Gen
Intel Core i3-10110U Processor 4M Cache, (2.1 GHz up to 4.10 GHz), 8GB DDR4 up to 32GB, 1TB HDD, Intel UHD Graphics, 14 Inches HD Display 1366 x 768, Windows 10 Home 
                        	Pay only P 2,824 a Month for 12 months or
P 5,349 a Month for 6 months on major credit cards.
						
"," ₱ 29,999

"
" Acer Aspire 5 A514-54-37X8 Intel Core i3 11th Gen
Intel Core i3-1115G4 processor (6 MB Smart Cache, 3.0 GHz with Turbo Boost up to 4.1 GHz), 8GB onboard DDR4, 256GB NVMe SSD, 14 inches FHD (1920 x 1080), Windows 10 Pay only P 4,999 a Month for 6 months or
P 2,674 a Month for 12 months on major credit cards.
"," ₱ 29,999

"
" Acer Aspire 5 A514-54-347V / 36ZW Intel Core i3 11th Gen
Acer Aspire 5 A514-54-347V / 36ZW, 14 inches HD Display, Intel Core i3-1115G4, 4GB DDR4, 1TB HDD + 128GB SSD, Intel Iris Graphics, Windows 10 
                        	Pay only P 2,824 a Month for 12 months or
P 5,349 a Month for 6 months on major credit cards.
						
"," ₱ 29,999

"
" Acer Aspire 5 A514-54-34UP Intel Core i3 11th Gen
Intel Core i3-1115G4 (4MB Smart Cache, 1.2 Ghz with Turbo Boost up to 3.4 Ghz, DDR4 or LPDDR4), 8GB onboard DDR4 memory, 256GB NVMe SSD, 14 inches display with IPS technology, Full HD 1920 x 1080 resolution, Intel UHD Graphics, Windows 11 
                        	Pay only P 2,824 a Month for 12 months or
P 5,349 a Month for 6 months on major credit cards.
						 NOW! P28,999 Promo. Valid until August 15, 2022
"," ₱ 29,999

"
" Acer Aspire 3 A315- 59- 30TH Intel Core I3- 1215U
Aspire 3 A315-59-30HT , 15.6 TFT LCD , i3-1215U , 8GB , 256GB SSD , Intel UHD Graphics , Win 11 
                        	Pay only P 2,872 a Month for 12 months or
P 5,439 a Month for 6 months on major credit cards.
						
"," ₱ 30,500

"
" HP 14S-CF2538TU Intel Core i3 10th Gen
Intel Core i3-10110U (2.1 GHz base frequency, up to 4.1 GHz with Intel Turbo Boost Technology, 4 MB L3 cache, 2 cores), 4 GB DDR4-2666, 512 GB PCIe NVMe M.2 SSD, 14 inches diagonal, HD (1366 x 768), Intel UHD Graphics, Windows 11, Office 2019 Home & Student 
                        	Pay only P 2,919 a Month for 12 months or
P 5,528 a Month for 6 months on major credit cards.
						
"," ₱ 30,999

"
" HP 14s-DQ2616TU Intel Core i3 11th Gen
Intel Core i3-1115G4 (up to 4.1 GHz with Intel Turbo Boost Technology, 6 MB L3 cache, 2 cores, 4 threads), 4GB DDR4, 512GB NVMe M.2 SSD, 35.6 cm (14"") diagonal, HD (1366 x 768), Intel UHD Graphics, Windows 11 
                        	Pay only P 3,012 a Month for 12 months or
P 5,704 a Month for 6 months on major credit cards.
						
"," ₱ 31,990

"
" Acer Aspire 3 A315-58-397K Intel Core i3 11th Gen
Inte Core i3-1115G4, 8GB DDR4, 512GB NVMe M.2 SSD, 15.6 inches FHD (1920 x 1080) Display, Intel UHD Graphics, Windows 11 
                        	Pay only P 3,012 a Month for 12 months or
P 5,704 a Month for 6 months on major credit cards.
						
"," ₱ 31,990

"
" HP 14s-FQ1112AU AMD Ryzen 3 5300U
AMD Ryzen 3 5300U (up to 3.8 GHz max boost clock(2i), 4 MB L3 cache, 4 cores, 8 threads), 4GB DDR4-2666, 256 GB PCIe NVMe M.2 SSD, 14 inches diagonal, HD (1366 x 768), AMD Radeon Graphics, Windows 11 
                        	Pay only P 3,012 a Month for 12 months or
P 5,704 a Month for 6 months on major credit cards.
						
"," ₱ 31,990

"
" HP 14S-DQ2621TU Intel Core i3 11th Gen
Intel Core i3-1115G4 (up to 4.1 GHz with Intel Turbo Boost Technology, 6 MB L3 cache, 2 cores, 4 threads), 8GB DDR4-3200, 512GB PCIe NVMe M.2 SSD, 14 inches HD Display (1366 x 768), Intel UHD Graphics, Windows 11, Microsoft Office Home & Student 2021 (Pre-installed). 
                        	Pay only P 3,012 a Month for 12 months or
P 5,704 a Month for 6 months on major credit cards.
						
"," ₱ 31,990

"
" HP 15s-DU1537TU Intel Core i3 10th Gen
Intel Core i3-10110U (2.1 GHz base frequency, up to 4.1 GHz with Intel® Turbo Boost Technology, 4 MB L3 cache, 2 cores), 4GB DDR4-2666 MHz RAM (1 x 4 GB), 512GB PCIe NVMe M.2 SSD, 15.6 inches diagonal, HD (1366 x 768), Intel UHD Graphics, Windows 11 
                        	Pay only P 3,012 a Month for 12 months or
P 5,704 a Month for 6 months on major credit cards.
						
"," ₱ 31,990

"
" Asus X415EA-EK659W Intel Core i3 11th Gen
Intel Core i3-1115G4 Processor 3.0 GHz (6M Cache, up to 4.1 GHz, 2 cores), 4GB DDR4 on board + 4GB DDR4 SO-DIMM, Memory Max Up to:16GB, 1TB SATA 5400RPM 2.5"" HDD, 128GB M.2 NVMe PCIe 3.0 SSD, 14.0-inch, FHD (1920 x 1080),Intel UHD Graphics, Windows 11 
                        	Pay only P 3,012 a Month for 12 months or
P 5,705 a Month for 6 months on major credit cards.
						
"," ₱ 31,995

"
" Asus X515EA-EJ1033W Intel Core i3 11th Gen
Intel Core i3-1115G4, 8GB (4GB DDR4 on board + 4GB DDR4 SO-DIMM), 1TB HDD + 128GB SSD, 15.6 inches FHD (1920 x 1080) Display, Intel UHD Graphics, Windows 11 
                        	Pay only P 3,012 a Month for 12 months or
P 5,705 a Month for 6 months on major credit cards.
						 NOW! P30,999 Promo. Valid until June 30, 2022
"," ₱ 31,995

"
" Asus X515EA-EJ913T Intel Core i3 11th Gen
Intel Core i3-1115G4, 8GB (4GB DDR4 on board + 4GB DDR4 SO-DIMM), 1TB HDD + 128GB SSD, 15.6 inches FHD Display, Intel UHD Graphics, Windows 10 
                        	Pay only P 3,012 a Month for 12 months or
P 5,705 a Month for 6 months on major credit cards.
						 NOW! P30,999 Promo. Valid until June 30, 2022
"," ₱ 31,995

"
" Asus X515EA-EJ1033T Intel Core i3 11th Gen
Intel Core i3-1115G4, 8GB DDR4 MEMORY (2 x SODIMM SLOTS), 128GB M.2 NVME SSD + 1TB HDD, 15.6 inches FHD Display, Intel UHD Graphics, Windows 10 
                        	Pay only P 3,012 a Month for 12 months or
P 5,705 a Month for 6 months on major credit cards.
						 NOW! P30,999 Promo. Valid until June 30, 2022
"," ₱ 31,995

"
" Asus Vivobook X515EA-BQ2124WS Intel Core i3 11th Gen
Intel Core i3-1115G4, 12GB DDR4 Memory, 512GB NVMe M.2 SSD, 15.6 inches (1366 x 768) HD Display, Intel UHD Graphics, Windows 11 
                        	Pay only P 3,012 a Month for 12 months or
P 5,705 a Month for 6 months on major credit cards.
						
"," ₱ 31,995

"
" Lenovo IdeaPad Slim 3i 14ITL05 (81X7004UPH) Core i3 11th Gen
Intel Core i3-1115G4 (2C / 4T, 3.0 / 4.1GHz, 6MB), Soldered  4GB DDR4 + 4GB SO-DIMM DDR4, 512GB 512GB SSD M.2 2242 PCIe 3.0x4 NVMe, 14 inches HD (1366x768), Integrated Intel UHD Graphics, Windows 10 
                        	Pay only P 3,012 a Month for 12 months or
P 5,705 a Month for 6 months on major credit cards.
						
"," ₱ 31,995

"
" Lenovo IdeaPad Slim 3i 15ITL05 81X800L5PH Intel Core i3 11th Gen
Intel Core i3-1115G4 (2C / 4T, 3.0 / 4.1GHz, 6MB) 4GB Soldered DDR4-2666 + 4GB DDR4-2666, 512GB SSD M.2 2242 PCIe 3.0x4 NVMe, Display 15.6 inches FHD (1920x1080), Intel UHD Graphics, Windows 11 
                        	Pay only P 3,012 a Month for 12 months or
P 5,705 a Month for 6 months on major credit cards.
						 Free: Microsoft Office Home and Student 2021 (Pre-Installed)
"," ₱ 31,995

"
" Asus X415EA-EK760T Intel Core i3 11th Gen
Intel Core i3-1115G4 Processor 3.0 GHz (6M Cache, up to 4.1 GHz, 2 cores), 8GB RAM, 1TB HDD + 128GB SSD, 14 inches FHD (1920 x 1080), Intel UHD Graphics, Windows 10 
                        	Pay only P 3,012 a Month for 12 months or
P 5,705 a Month for 6 months on major credit cards.
						 NOW! P30,995 Promo. Valid until June 30, 2022
"," ₱ 31,995

"
" Lenovo Slim 3i - 14ITL08 (81X700ERPH) Intel Core I3- 1115g4
Lenovo (IdeaPad) Slim 3i 14ITL05 81X700ERPH Platinum gray, Intel Core i3-1115G4 (2C / 4T, 3.0 / 4.1GHz, 6MB) , Integrated Intel UHD Graphics , 4GB Soldered DDR4-2666 + 4GB SO-DIMM DDR4-2666 , 512GB SSD M.2 2242 PCIe 3.0x4 NVMe , Display 14 inch FHD (1920x1080) TN 220nits Anti-glare , WLAN + Bluetooth 11ac, 2x2 + BT5.0 , Battery Integrated 35Wh , Windows 11 
                        	Pay only P 3,012 a Month for 12 months or
P 5,705 a Month for 6 months on major credit cards.
						
"," ₱ 31,995

"
" Asus X415EA-EK1661WS Intel Core i3 11th Gen
Intel Core i3 1115G4, 4GB onboard + 4GB DDR4, 256GB M.2 NVMe SSD + 1TB HDD, 14.0-inch,HD (1366 x 768), Intel UHD Graphics, Windows 11, Microsoft Office Home and Student 2019 (Pre-Installed) 
                        	Pay only P 3,013 a Month for 12 months or
P 5,706 a Month for 6 months on major credit cards.
						
"," ₱ 31,999

"
" Acer Aspire 3 A315-58-3080 Intel Core i3 11th Gen
Intel Core i3-1115G4 processor (6 MB Smart Cache, 3.0 GHz with Turbo Boost up to 4.1 GHz, DDR4 or LPDDR4x), 8GB of onboard DDR4, 512GB M.2 NVMe SSD, 15.6 inches Full HD 1920 x 1080, Intel UHD Graphics, Windows 11 + Microsoft Office Home and Student 2021 (Pre-Installed) 
                        	Pay only P 3,013 a Month for 12 months or
P 5,706 a Month for 6 months on major credit cards.
						
"," ₱ 31,999

"
" Acer Aspire 5 A514-53G-382L (Pure Silver) Core i3 10th Gen
Intel Core i3-1005G1 Processor 4M Cache, up to 3.40 GHz, 14 inches FHD IPS Technology, 2GB NVIDIA GeForce MX350, 4GB DDR4, 1TB HDD + 128GB NVMe SSD, Windows 10 
                        	Pay only P 3,013 a Month for 12 months or
P 5,706 a Month for 6 months on major credit cards.
						
"," ₱ 31,999

"
" Acer Aspire 5 A514-54-32SA Intel Core i3-1115ga
Aspire 5 Intel Core i3-1115G4 processor (6 MB Smart Cache, 3.0 GHz with Turbo Boost up to 4.1 GHz, DDR4 or LPDDR4x) ,m 8GB of onboard DDR4 system memory,512GB NVMe SSD ,Intel UHD Graphics, Windows 11 Home 
                        	Pay only P 3,013 a Month for 12 months or
P 5,706 a Month for 6 months on major credit cards.
						
"," ₱ 31,999

"
" Acer Aspire 5 A514-53G-37FG Intel Core i3 10th Gen
Intel Core i3-1005G1 Processor 4M Cache, up to 3.40 GHz,4GB DDR4, 2GB NVIDIA GeForce MX350, 14 inches FHD In-plane Switching, 1TB HDD + 128GB NVMe SSD, Windows 10 
                        	Pay only P 3,013 a Month for 12 months or
P 5,706 a Month for 6 months on major credit cards.
						
"," ₱ 31,999

"
" Asus X415EA-EB1552WS Intel Core i3 11th Gen
Intel Core i3-1115G4 Processor 3.0 GHz (6M Cache, up to 4.1 GHz, 2 cores), 12GB DDR4, 256GB NVMe M.2 SSD + 1TB HDD, 14.0 inches FHD Display (1920x1080), Intel UHD Graphics, Windows 11, MS Office 2019 Home & Student 
                        	Pay only P 3,059 a Month for 12 months or
P 5,794 a Month for 6 months on major credit cards.
						
"," ₱ 32,495

"
" Lenovo IdeaPad Slim 3i 15IML05 81WB013MPH Intel Core i3 10th Gen
Intel Core i3-10110U (2C / 4T, 2.1 / 4.1GHz, 4MB), 4GB Soldered DDR4-2666, 512GB SSD M.2 2242 PCIe 3.0x2 NVMe, 15.6in HD (1366x768) TN 220nits Anti-glare, Integrated Intel UHD Graphics, Windows 11 Home Pay only P 5,499 a Month for 6 months or
P 2,942 a Month for 12 months on major credit cards.
"," ₱ 32,995

"
" Huawei MatePad Pro (Midnight Grey) MRX - AL09
Capturing beautiful colours from nature, HUAWEI MatePad Pro comes with four options. The mysterious Midnight Grey and pristine Pearl White are coated with sleek glass fiber, so the light body glimmers with shine to complement your style. Wrapped in an elegant vegan leather, the dignified Forest Green delivers a tranquil style, while the refreshing Orange adds more punch to your daily life 
                        	Pay only P 3,107 a Month for 12 months or
P 5,884 a Month for 6 months on major credit cards.
						
"," ₱ 32,999

"
" Huawei Matebook D14 Intel Core i3 10th Gen
Intel Core i3-10110U processor, 8GB RAM DDR4, 256GB NVMe PCIe SSD, 14in FHD (1920x1080), Intel UHD Graphics, Windows 10 
                        	Pay only P 3,107 a Month for 12 months or
P 5,884 a Month for 6 months on major credit cards.
						
"," ₱ 32,999

"
" Lenovo IdeaPad Flex 5i 14IIL05 81X1009WPH Intel Core i3 10th Gen
Intel Core i3 1035G1 (4C / 8T, 1.0 / 3.6GHz, 6MB), 4GB Soldered DDR4-3200, 256GB SSD M.2 2242 PCIe NVMe, 14 inches FHD (1920x1080) TN 220nits Glossy, Integrated Intel UHD Graphics, Windows 10 Home 
                        	Pay only P 3,201 a Month for 12 months or
P 6,062 a Month for 6 months on major credit cards.
						
"," ₱ 33,995

"
" MSI MODERN 14 B10MW-262LA Intel Core i3 10th Gen
Intel Core i3-10110U, 8GB DDR4 (3200MHz), 512GB NVMe PCIe SSD, 14 inches FHD IPS  
Thin Bezel, Anti-Glare, Intel UHD Graphics, White Keyboard backlight, Windows 10 
                        	Pay only P 3,201 a Month for 12 months or
P 6,062 a Month for 6 months on major credit cards.
						
"," ₱ 33,995

"
" MSI MODERN 14 B4MW-226LA AMD Ryzen 3 4300U
AMD Ryzen 3 4300U, AMD Radeon Graphics, 14.0 inches FHD IPS-Level, 8GB DDR4, 512GB NVMe PCIe SSD, Windows 10 
                        	Pay only P 3,201 a Month for 12 months or
P 6,062 a Month for 6 months on major credit cards.
						
"," ₱ 33,995

"
" Lenovo Slim  3i  14ITL6 (82H701CJPH)  Intel Core  i3- 1115G4
IdeaPad Slim 3i 14ITL6 ,Intel Core i3-1115G4 (2C / 4T, 3.0 / 4.1GHz, 6MB) ,Integrated Intel UHD Graphics , 4GB Soldered DDR4-3200 + 4GB SO-DIMM DDR4-3200 , 512GB SSD M.2 2242 PCIe 3.0x4 NVMe , Windows 11 , Display 15.6 (1920x1080) IPS 300nits Anti-glare, 45% NTSC , WLAN + Bluetooth 11ac, 2x2 + BT5.0 , Battery Integrated 45Wh 
                        	Pay only P 3,201 a Month for 12 months or
P 6,062 a Month for 6 months on major credit cards.
						
"," ₱ 33,995

"
" Lenovo Slim 3 81WE00H9PH Intel Core i3 10th Gen
Intel Core i3-1005G1 (2C / 4T, 1.2 / 3.4GHz, 4MB), 4GB DDR4, 512GB SSD M.2 2242 PCIe NVMe 3.0, 15.6"" FHD (1920x1080) TN 220nits Anti-glare, NVIDIA GeForce MX330 2GB GDDR5, Windows 10 Home 
                        	Pay only P 3,201 a Month for 12 months or
P 6,063 a Month for 6 months on major credit cards.
						
"," ₱ 33,999

"
" Acer Aspire 5 A514-54-37V6 Intel Core i3 11th Gen
Intel Core i3-1115G4 processor (6 MB Smart Cache, 3.0 GHz with Turbo Boost up to 4.1 GHz, 8GB onboard DDR4, 256GB NVMe SSD, 14 inches display with IPS (In-Plane Switching) technology, FHD 1920 x 1080, Intel UHD Graphics, Windows 10 Pay only P 5,666 a Month for 6 months or
P 3,031 a Month for 12 months on major credit cards. NOW! P29,999 Acer Summer Campaign Promo. Valid from April 22 up to May 15, 2022
"," ₱ 33,999

"
" Lenovo IdeaPad Slim 3i 15ITL6 82H801V3PH Intel Core i3 11th Gen
Intel Core i3-1115G4 (2C / 4T, 3.0 / 4.1GHz, 6MB), 8GB DDR4 (4GB Soldered DDR4-3200 + 4GB SO-DIMM DDR4-3200), 512GB SSD M.2 2280 PCIe 3.0x4 NVMe, 15.6 inches FHD (1920x1080), Intel UHD Graphics, Windows 11 Home 
                        	Pay only P 3,295 a Month for 12 months or
P 6,240 a Month for 6 months on major credit cards.
						
"," ₱ 34,995

"
" Lenovo IdeaPad 3i 14ITL05 81X70077PH Intel Core i3 11th Gen
Intel Core i3-1115G4 (2C / 4T, 3.0 / 4.1GHz, 6MB), 8GB DDR4 (4GB Soldered DDR4-2666 + 4GB SO-DIMM DDR4-2666), 512GB SSD M.2 2242 PCIe 3.0x4 NVMe, 14 inches FHD (1920x1080), Integrated Intel UHD Graphics, Windows 11 Pay only P 5,832 a Month for 6 months or
P 3,120 a Month for 12 months on major credit cards.
"," ₱ 34,995

"
" Acer Travelmate P214-52-33WN Intel Core i3 10th Gen + 128GB SSD
Intel Core i3-10110U Processor 4M Cache, (2.1 GHz up to 4.10 GHz), 8GB DDR4 up to 32GB, 128GB SSD + 1 TB HDD, Intel UHD Graphics, 14 Inches, Windows 10 Home 
                        	Pay only P 3,295 a Month for 12 months or
P 6,240 a Month for 6 months on major credit cards.
						
"," ₱ 34,995

"
" Acer Travelmate P214-52-52Y5 Intel Core i5 10th Gen
Intel Core i5-10210U Processor 1.60 GHz 6M Cache, up to 4.20 GHz, 8GB DDR4 SDRAM, 1TB SATA 5400RPM, 14 inches HD 1366 x 768 resolution, Intel UHD Graphics, Windows 10 
                        	Pay only P 3,295 a Month for 12 months or
P 6,241 a Month for 6 months on major credit cards.
						
"," ₱ 34,999

"
" Huawei MateBook D15 WAH9A Intel Core i5 10th Gen
Intel Core i5-10210U processor, 8GB DDR4 Memory, 256GB NVMe PCIe SSD, 15.6 inches FHD (1920x1080) IPS, Intel UHD Graphics 620 Intigrated, Windows 10 
                        	Pay only P 3,295 a Month for 12 months or
P 6,241 a Month for 6 months on major credit cards.
						
"," ₱ 34,999

"
" Acer Aspire 5 A514-55-34F7 Intel Core I3- 1215U
Aspire 5 Intel Core i3-1215U processor,8 GB of DDR4 system memory, 256GB NVMe SSD (HDD Upgrade kit ready) | 14.0 Display display with IPS (In-Plane Switching) technology, Full HD 1920 x 1080, high-brightness Acer ComfyView, LED-backlit TFT LCD ,Intel UHD Graphics, Wi-Fi 6E Wireless LAN 802.11 windows 11 
                        	Pay only P 3,295 a Month for 12 months or
P 6,241 a Month for 6 months on major credit cards.
						
"," ₱ 34,999

"
" Acer Aspire 5 A514 -55 -36NK- Intel Core I3- 1215U
Aspire 5 intel Core i3-1215U processor,8 GB of DDR4 system memory, 256GB NVMe SSD (HDD Upgrade kit ready) ,14.0 Display display with IPS (In-Plane Switching) technology, Full HD 1920 x 1080, high-brightness Acer ComfyView, LED-backlit TFT LCD . Intel UHD Graphics , Wi-Fi 6E Wireless LAN 802.11 a/b/g/n/ac/ax wireless LAN , 48 Wh 3-cell Li-ion battery , Windows 11 home 
                        	Pay only P 3,295 a Month for 12 months or
P 6,241 a Month for 6 months on major credit cards.
						
"," ₱ 34,999

"
" Acer Aspire 5  A514- 55- 37VX Intel Core I3- 1215U
Aspire 5  Intel Core i3-1215U processor ,8 GB of DDR4 system memory ,256GB NVMe SSD (HDD Upgrade kit ready) ,14.0 Display display with IPS (In-Plane Switching) technology, Full HD 1920 x 1080, high-brightness Acer ComfyView, LED-backlit TFT LCD , Intel UHD Graphics , Wi-Fi 6E Wireless LAN 802.11 a/b/g/n/ac/ax wireless LAN , 48 Wh 3-cell Li-ion battery , Windows 11 home 
                        	Pay only P 3,295 a Month for 12 months or
P 6,241 a Month for 6 months on major credit cards.
						
"," ₱ 34,999

"
" Huawei Matebook D15- 11G- Intel Core i3- 1135G
Huawei MateBook D 15 Laptop , Intel Core i3-1135G,8GB +256GB , Eye Comfort Huawei FullView Display , Super Device , Fingerprint Power Button 
                        	Pay only P 3,295 a Month for 12 months or
P 6,241 a Month for 6 months on major credit cards.
						
"," ₱ 34,999

"
" Acer Aspire 5 A514-54-59EX / 50LD Intel Core i5 11th Gen
Intel Core i5-1135G7 Processor 8M Cache, up to 4.20 GHz, 14"" HD In-plane Switching (IPS) Technology, Inte Iris Xe, 4GB DDR4 SDRAM, 1TB HDD + 256GB SSD, Windows 10 
                        	Pay only P 3,295 a Month for 12 months or
P 6,241 a Month for 6 months on major credit cards.
						
"," ₱ 34,999

"
" Acer Aspire 5 A514-54-56M0 Intel Core i5 11th Gen
Intel Core i5-1135G7 Processor, 4GB DDR4, 1TB HDD + 256GB SSD, 14 inches HD LED Display, Intel IRIS X Graphics, Windows 10 Pay only P 5,833 a Month for 6 months or
P 3,120 a Month for 12 months on major credit cards.
"," ₱ 34,999

"
" Acer Aspire 3 A315-58-3474 Intel Core i3 11th Gen
Intel Core i3-1115G4 processor (6 MB Smart Cache, 3.0 GHz with Turbo Boost up to 4.1 GHz, DDR4 or LPDDR4x), 8GB of onboard DDR4, 512GB NVMe SSD (HDD Upgrade kit ready), 15.6in Full HD 1920 x 1080, high-brightness Acer ComfyViewTM LED backlit TFT LCD, Intel UHD Graphics, Windows 10 
                        	Pay only P 3,295 a Month for 12 months or
P 6,241 a Month for 6 months on major credit cards.
						
"," ₱ 34,999

"
" Acer Aspire 3 A315-56-594H (Blue) 512U (Red) Intel Core i5 10th Gen
Intel Core i5-1035G1 processor (6 MB Smart Cache, 1.0 GHz with Turbo Boost up to 3.6 GHz, DDR4 or LPDDR4), 4GB of onboard DDR4 memory, 512GB NVMe SSD, 15.6 inches HD 1366 x 768 resolution, high-brightness Acer ComfyView LED backlit TFT LCD, Intel UHD Graphics, Windows 11 Home 
                        	Pay only P 3,389 a Month for 12 months or
P 6,419 a Month for 6 months on major credit cards.
						
"," ₱ 35,999

"
" Acer Aspire 5 A515-56G-31YF Intel Core i3 11th Gen
Intel Core i3-1115G4 processor (6 MB Smart Cache, 3.0 GHz with Turbo Boost up to 4.1 GHz, DDR4 or LPDDR4x), 8GB onboard DDR4, 512GB NVMe M.2 SSD, 15.6 inches FHD (1920 x 1080), NVIDIA GeForce MX350 GDDR5 2GB, Windows 11 
                        	Pay only P 3,483 a Month for 12 months or
P 6,596 a Month for 6 months on major credit cards.
						
"," ₱ 36,990

"
" Asus X415JP-EK173T Intel Core i5 10th Gen
Intel Core i5-1035G1, 4GB Onboard + 4GB DDR4 Memory, 256G M.2 NVMe PCIE3 SSD, 14 inches FHD 1920x1080 LED Display, NVIDIA GeForce MX330 Graphics 2GB GDDR5,  Windows 10 
                        	Pay only P 3,483 a Month for 12 months or
P 6,597 a Month for 6 months on major credit cards.
						
"," ₱ 36,995

"
" Asus VivoBook Flip 14 TP412FA-EC339T Intel Core i3 10th Gen
Intel Core i3-10110 Processor, 8GB DDR4, 512GB PCIe M.2 SSD, 14 inches FHD 1920x1080 LED Display (Touch), Intel UHD Graphics, Windows 10 
                        	Pay only P 3,483 a Month for 12 months or
P 6,597 a Month for 6 months on major credit cards.
						
"," ₱ 36,995

"
" Asus Vivobook 14- X1402ZA- EB109WS- Intel Core I3- 1220P
Vivobook (Quiet Blue) , 14 FHD , i3-1220P , 8GB RAM DDR4 , 512 GB SSD , UHD Graphics , Windows 11 Home , MS Office Home & Student 2021 . 
                        	Pay only P 3,483 a Month for 12 months or
P 6,597 a Month for 6 months on major credit cards.
						
"," ₱ 36,995

"
" Acer Aspire 5 A515-56G-34QK Intel Core i3 11th Gen
Intel Core i3-1115G4 Processor 6M Cache, up to 4.10 GHz, 8GB DDR4, 512GB NVMe M.2 SSD, 15.6 inches HD 1920 x 1080 resolution, NVIDIA GeForce MX350, Windows 10 
                        	Pay only P 3,484 a Month for 12 months or
P 6,598 a Month for 6 months on major credit cards.
						 NOW! P31,999 Promo. Valid from May 26 up to June 14, 2022
"," ₱ 36,999

"
" Lenovo IdeaPad Slim 3 14ALC6 82KT002LPH AMD Ryzen 5 5500U
AMD Ryzen 5 5500U (6C / 12T, 2.1 / 4.0GHz, 3MB L2 / 8MB L3), 8GB DDR4 (4GB Soldered DDR4-3200 + 4GB SO-DIMM DDR4-3200), 512GB SSD M.2 2242 PCIe 3.0x4 NVMe, 14 inches FHD (1920x1080) IPS 300nits Anti-glare, 45% NTSC, Integrated AMD Radeon Graphics, Windows 10 Home 
                        	Pay only P 3,577 a Month for 12 months or
P 6,775 a Month for 6 months on major credit cards.
						
"," ₱ 37,995

"
" MSI MODERN 14 B11M-092LA Inter Core i3 11th Gen
Intel Core i3-1115G4 Processor 6M Cache, up to 4.10 GHz, 8GB DDR4, 512GB NVMe PCIe Gen4 SSD, 14.0 inches FHD, Intel Iris Xe graphics IPS-Level, Windows 10 
                        	Pay only P 3,577 a Month for 12 months or
P 6,775 a Month for 6 months on major credit cards.
						
"," ₱ 37,995

"
" ASUS M14021A-EB006WS AMD Ryzen 5 4600H
AMD Ryzen 5 4600H Mobile Processor (6C/12T, 11MB Cache, 4.0 GHz), 8GB DDR4 onboard SO-DIMM,upgradable to 16GB, 512GB M.2 PCIe 3.0 SSD, 14 inches, AMD Radeon Graphics, Windows 11 
                        	Pay only P 3,577 a Month for 12 months or
P 6,775 a Month for 6 months on major credit cards.
						
"," ₱ 37,995

"
" Huawei Matebook D15 WAQ9CR AMD Ryzen 5 3500H
AMD Ryzen 5 3500H, 4GB DDR4 Memory, 512GB NVMe M.2 SSD, 15.6"" 1920 x 1080 (141PPI) FHD Display, AMD Radeon Vega 8 Graphics, Windows 10 
                        	Pay only P 3,578 a Month for 12 months or
P 6,776 a Month for 6 months on major credit cards.
						
"," ₱ 37,999

"
" Acer Aspire 5 A514-54G-51A8 Core-i5 11th Gen
Intel Core i5-1135G7, 4GB DDR4 Memory, 1TB HDD + 256GB SSD, 14inch HD LED Display, nVidia Geforce MX350 2GB VRAM, WiFi + BT, Webcam, Windows 10 Pay only P 6,333 a Month for 6 months or
P 3,388 a Month for 12 months on major credit cards.
"," ₱ 37,999

"
" Lenovo Lenovo Ideapad Slim 3 82KT00P9PH AMD Ryzen 5 5500U
AMD Ryzen 5 5500U (6C / 12T, 2.1 / 4.0GHz, 3MB L2 / 8MB L3), 4GB Soldered DDR4-3200 + 4GB SO-DIMM DDR4-3200, 512GB SSD M.2 NVMe, 14 inches FHD (1920x1080), Integrated AMD Radeon Graphics, Windows 11 
                        	Pay only P 3,672 a Month for 12 months or
P 6,954 a Month for 6 months on major credit cards.
						
"," ₱ 38,995

"
" Lenovo IdeaPad Slim 3 15ALC6 82KU01AUPH AMD Ryzen 5 5500U
AMD Ryzen 5 5500U (6C / 12T, 2.1 / 4.0GHz, 3MB L2 / 8MB L3), 4GB Soldered DDR4-3200 + 4GB SO-DIMM DDR4-3200, 512GB SSD M.2 2242 PCIe 3.0x4 NVMe, 15.6 inches FHD Display (1920x1080), Integrated AMD Radeon Graphics, Windows 11 
                        	Pay only P 3,672 a Month for 12 months or
P 6,954 a Month for 6 months on major credit cards.
						
"," ₱ 38,995

"
" Lenovo IdeaPad Slim 3 15ALC6 82KU0024PH AMD Ryzen 5 5500U
AMD Ryzen 5 5500U (6C / 12T, 2.1 / 4.0GHz, 3MB L2 / 8MB L3), 8GB DDR4 (4GB Soldered DDR4-3200 + 4GB SO-DIMM DDR4-3200), 512GB SSD M.2 2242 PCIe 3.0x4 NVMe, 15.6in FHD (1920x1080), AMD Radeon Graphics, Windows 10 Home 
                        	Pay only P 3,672 a Month for 12 months or
P 6,954 a Month for 6 months on major credit cards.
						
"," ₱ 38,995

"
" HP 15S-EQ3045AU AMD Ryzen 5 5500U
AMD Ryzen 5-5500U, 16GB DDR4, 512GB NVMe M.2 PCIe, 15.6 inches FHD Display (1920x1080), AMD Radeon Graphics, Windows 11, MS Office Home and Student 
                        	Pay only P 3,765 a Month for 12 months or
P 7,131 a Month for 6 months on major credit cards.
						
"," ₱ 39,990

"
" HP 15S-EQ2158AU Ryzen 5 5500U
AMD Ryzen 5 5500U (up to 4.0 GHz max boost clock, 8MB L3 cache, 6 cores, 12 threads), 8GB DDR4-3200 SDRAM (1 x 8 GB), 512GB PCIe NVMe M.2 SSD, 15.6 inches diagonal FHD (1920 x 1080), AMD Radeon Graphics, Windows 11 
                        	Pay only P 3,765 a Month for 12 months or
P 7,131 a Month for 6 months on major credit cards.
						
"," ₱ 39,990

"
" Asus VivoBook 14 X415EP-EB225T Intel Core i5 11th Gen
Intel Core i5-1135G7 Processor 2.4 GHz (8M Cache, up to 4.2 GHz, 4 cores), 4GB DDR4 onboard + 4GB DDR4, 256GB M.2 NVMe PCIe 3.0 SSD, 14 inches FHD (1920 x 1080) 16:9, NVidia MX230 2GB Graphics, Windows 10 
                        	Pay only P 3,766 a Month for 12 months or
P 7,132 a Month for 6 months on major credit cards.
						 NOW! P38,995 Promo. Valid until June 30, 2022
"," ₱ 39,995

"
" Lenovo IdeaPad S340-14IILD 81WJ0045PH Intel Core i5 10th Gen
Intel Core i5-1035G1, 4GB DDR4, 256GB SSD M.2 2280 PCIe NVMe + 1TB HDD, 14 inches FHD (1920x1080) Display, NVIDIA GeForce MX250 2GB GDDR5, Windows 10 
                        	Pay only P 3,766 a Month for 12 months or
P 7,132 a Month for 6 months on major credit cards.
						
"," ₱ 39,995

"
" Lenovo IdeaPad Slim 3i 14IIL05 81WD00L5PH Intel Core i5 10th Gen
Intel Core i5-1035G1 (4C / 8T, 1.0 / 3.6GHz, 6MB), 4GB Soldered DDR4, 512GB SSD M.2 2242 PCIe NVMe 3.0x2, 14 inches FHD (1920x1080) TN 220nits Anti-glare, NVIDIA GeForce MX330 2GB GDDR5, Windows 10 Home 
                        	Pay only P 3,766 a Month for 12 months or
P 7,132 a Month for 6 months on major credit cards.
						
"," ₱ 39,995

"
" Asus X415EP-EB320T Intel Core i5 11th Gen
Intel Core i5-1135G7 Processor 1.0 GHz (8MB Cache, 2.4Ghz up to 4.2 GHz, 4 cores), 4GB DDR4 onboard, 1TB SATA 5400RPM 2.5"" HDD + 256GB SSD, 14 inches FHD (1920 x 1080), NVIDIA GeForce MX330 2GB GDDR5, Windows 10 
                        	Pay only P 3,766 a Month for 12 months or
P 7,132 a Month for 6 months on major credit cards.
						 NOW! P38,999 Promo. Valid until June 30, 2022
"," ₱ 39,995

"
" Asus X515JP-EJ385T Intel Core i5 10th Gen
Intel Core i5-1035G1, 8GB (4GB onboard + 4GB DDR4), 256GB SSD,  15.6 inches FHD (1920 x 1080), NVIDIA GeForce MX330 graphics, Windows 10 
                        	Pay only P 3,766 a Month for 12 months or
P 7,132 a Month for 6 months on major credit cards.
						
"," ₱ 39,995

"
" Asus VivoBook SLATE 13 OLEDT3300KA-LQ035WS Intel Pentium N6000
Intel Pentium Silver N6000 Processor 1.1 GHz (4M Cache, up to 3.3 GHz, 4 cores), 4GB LPDDR4X on board, 128GB eMMC, 13.3 inches FHD (1920 x 1080) OLED 16:9 aspect ratio, SGS Eye Care Display, OLED TOUCHSCREEN, Intel UHD Graphics, SOFT DETACHABLE KB/STAND, Windows 11 
                        	Pay only P 3,766 a Month for 12 months or
P 7,132 a Month for 6 months on major credit cards.
						
"," ₱ 39,995

"
" Lenovo IdeaPad Slim 3i 15ITL6 82H801V5PH Intel Core i5 11th Gen
Intel Core i5-1135G7 (8MB Intel Smart Cache, 2.40 GHz up to 4.20 GHz), 8GB onboard DDR4-3200, 512GB SSD M.2 2280 PCIe 3.0x4 NVMe, Display 15.6 inches FHD (1920x1080), Integrated Intel Iris Xe Graphics, Windows 11 
                        	Pay only P 3,766 a Month for 12 months or
P 7,132 a Month for 6 months on major credit cards.
						 Free: Microsoft Office Home & Student 2021 (Pre-installed)
"," ₱ 39,995

"
" Acer Aspire 5 A515-56G-57TD Intel Core i5 11th Gen
Intel Core i5-1135G7, 8GB DDR4, 512GB NVMe SSD, 15.6 inches FHD (1920 x 1080), NVIDIA GeForce MX350 GDDR5 2GB, Windows 10 Home 
                        	Pay only P 3,766 a Month for 12 months or
P 7,132 a Month for 6 months on major credit cards.
						 Free: Microsoft Office 2019 Home and Student (Pre-Installed)
"," ₱ 39,995

"
" Acer Aspire 5 A514-54G-58R6 Intel Core i5 11th Gen
Intel Core i5 - i5-1135G7, 2.40 GHz, 4GB DDR4 Memory, 1TB HDD + 256GB SSD, 14 inches FHD IPS LED Display, nVidia Geforce MX350 2GB VRAM, Windows 10 
                        	Pay only P 3,766 a Month for 12 months or
P 7,133 a Month for 6 months on major credit cards.
						
"," ₱ 39,999

"
" Acer Aspire 5 514-54-50LX Intel Core i5 11th Gen
Intel Core i5-1135G7 processor (8 MB Smart Cache, 2.4 GHz with Turbo Boost up to 4.2 GHz), 8 GB of onboard DDR4 system memory, 512GB NVMe SSD (HDD Upgrade kit ready), 14.0 inches display with IPS (In-Plane Switching) technology, Full HD 1920 x 1080, Intel Iris X Graphics, Windows 11 
                        	Pay only P 3,766 a Month for 12 months or
P 7,133 a Month for 6 months on major credit cards.
						
"," ₱ 39,999

"
" Huawei Matebook D14 WAQ9BR AMD Rzyen 5 3500H
AMD Ryzen 5 3500H, 8GB DDR4 Memory, 512GB NVMe M.2 SSD, 14 inches FHD 1920 x 1080 Display, AMD Radeon Vega 8 Graphics, Windows 10 
                        	Pay only P 3,766 a Month for 12 months or
P 7,133 a Month for 6 months on major credit cards.
						
"," ₱ 39,999

"
" Acer A514-54-55K5 / 59LK Intel Core i5 11th Gen
Intel Core i5-1135G7 (2.4 upto 4.2GHz / 8MB Cache), 8GB DDR4 onboard, 512GB SSD, 14 inches FHD with IPS 1920 x 1080, Intel Iris X Graphics, Windows 10 Home/ Free Office 2019 for Home and Student. Pay only P 6,666 a Month for 6 months or
P 3,566 a Month for 12 months on major credit cards.
"," ₱ 39,999

"
" Acer Aspire 5 A515-56-5843 Intel Core i5 11th Gen
Intel Core i5-1135G7 processor (8 MB Smart Cache, 2.4 GHz with Turbo Boost up to 4.2 GHz), 8GB onboard DDR4 memory, 512GB NVMe SSD (HDD Upgrade kit ready), 15.6 inches Full HD 1920 x 1080,  Intel Iris Xe Graphics, Windows 10 Home 
                        	Pay only P 3,766 a Month for 12 months or
P 7,133 a Month for 6 months on major credit cards.
						 Microsoft Office 2019 Home and Student (Pre-Installed)
"," ₱ 39,999

"
" Acer Aspire 5 A514-54G-51PU Intel Core i5 11th Gen
Intel Core i5-1135G7 Processor, 4GB DDR4, 1TB HDD + 256GB SSD, 14 inches FHD IPS LED, nVidia Geforce MX350 2GB VRAM, Windows 10 Pay only P 6,666 a Month for 6 months or
P 3,566 a Month for 12 months on major credit cards.
"," ₱ 39,999

"
" Acer Aspire 5 A514-54G-56QL Intel Core-i5 11th Gen
Aspire 5 A514-54G-56QL Intel Core i5-1135G7 11th Gen Processor, 4GB DDR4, 1TB HDD + 256GB SSD, 14 inches FHD IPS LED Display, nVidia Geforce MX350 2GB VRAM, Windows 10 
                        	Pay only P 3,766 a Month for 12 months or
P 7,133 a Month for 6 months on major credit cards.
						
"," ₱ 39,999

"
" Asus X415EP-EB213T Intel Core i5 11th Gen
Intel Core i5-1135G7 Processor 2.4 GHz (8M Cache, up to 4.2 GHz, 4 cores), 4GB DDR4 on board + 4GB DDR4 SO-DIMM, 1TB HDD + 256GB M.2 NVMe SSD, 14 inches FHD (1920 x 1080), NVIDIA GeForce MX330, Windows 10 Home 
                        	Pay only P 3,860 a Month for 12 months or
P 7,310 a Month for 6 months on major credit cards.
						 NOW! P39,999 Promo. Valid until June 30, 2022
"," ₱ 40,995

"
" HP 15S-FQ5082TU Intel Core i5 12th Gen
Intel Core i5-1235U, 8GB DDR4, 512GB NVMe M.2 PCIe, 15.6 inches FHD Display (1920x1080), Intel Iris Xe, Windows 11 
                        	Pay only P 3,954 a Month for 12 months or
P 7,488 a Month for 6 months on major credit cards.
						
"," ₱ 41,990

"
" HP 15s-FQ4033TU Intel Core i5 11th Gen
Intel Core i5-1155G7 Processor (up to 4.5 GHz with Intel Turbo Boost Technology, 8 MB L3 cache, 4 cores, 8 threads), 8GB DDR4, 512GB PCIe NVMe TLC M.2 SSD, 15.6 inches diagonal FHD (1920 x 1080), Intel Iris Xe Graphics, Windows 11 
                        	Pay only P 3,954 a Month for 12 months or
P 7,488 a Month for 6 months on major credit cards.
						 Free: Microsoft Office 2019 Home and Student (Pre-Installed)
"," ₱ 41,990

"
" Asus X415JP-EK230W Intel Core i5 10th Gen
Intel Core i5-1035G7, 14 inches FHD, 4GB onboard + 4GB DDR4, 1TB HDD + 256GB M.2 NVMe SSD, 2GB NVidia MX330 Graphics 2GB, Windows 11 
                        	Pay only P 3,954 a Month for 12 months or
P 7,489 a Month for 6 months on major credit cards.
						
"," ₱ 41,995

"
" Asus X415JP-EK181T Intel Core i5 10th Gen
Intel Core i5-1035G1 Processor (6M Cache, up to 3.60 GHz), 8GB DDR4 (4GB OB + 4GB), 256GB M.2 SSD + 1TB HDD, 14 INCHES (1920 x 1080), NVIDIA MX330 2GB, WINDOWS 10 HOME 
                        	Pay only P 3,954 a Month for 12 months or
P 7,489 a Month for 6 months on major credit cards.
						
"," ₱ 41,995

"
" Acer Swift 3 SF314-43-R06N AMD Ryzen 5 5500U
AMD Ryzen 5 5500U hexa-core processor (up to 3MB L2 cache, up to 8MB L3 cache, 2.1 GHz with Precission Boost up to 4.0 GHz), 8GB onboard LPDDR4, 512GB NVMe M.2 SSD, 14 inches IPS technology Full HD 1920 x 1080, AMD Radeon Graphics, Windows 11 
                        	Pay only P 3,954 a Month for 12 months or
P 7,489 a Month for 6 months on major credit cards.
						 Take P3,500 OFF + FREE Wireless Mouse. Exclusive offer for Online Cash Buyers and Cash Buyers at Asianic  (SM San Lazaro, SM Megamall, SM North Edsa, SM Cubao & Festival Mall Alabang) Valid until Sep 19, 2022.
"," ₱ 41,999


"
" Acer Aspire Vero AV15-51-57WC Intel Core i5 11th Gen
Intel Core i5-1155G7 processor (8 MB Smart Cache, 2.5 GHz with Turbo Boost up to 4.5 GHz, DDR4 or LPDDR4x, Intel Iris Xe Graphics), 8GB of onboard DDR4, 512GB NVMe SSD, 15.6 inches display with IPS technology, Full HD 1920 x 1080, Acer ComfyViewTM LED-backlit TFT LCD, Windows 11 Home 
                        	Pay only P 3,954 a Month for 12 months or
P 7,489 a Month for 6 months on major credit cards.
						
"," ₱ 41,999

"
" Lenovo IdeaPad Slim 3i 14ITL6 82H70126PH Intel Core i5 11th Gen
Intel Core i5-1135G7 (4C / 8T / 2.4GHz up to 4.2GHz, 8mb cache), 8GB DDR4, 512GB NVMe M.2 PCIe SSD, 14.0 inches FHD Display (1920 x 1080), NVidia GeForce MX350 Graphics, Windows 11 
                        	Pay only P 4,048 a Month for 12 months or
P 7,667 a Month for 6 months on major credit cards.
						 Free: Microsoft Office Home and Student 2021 (Pre-Installed)
"," ₱ 42,995

"
" Lenovo IdeaPad 5 14ITL05 (82FE0014PH / 13PH) Core i5 11th Gen
Intel Core i5-1135G7 (4C / 8T, 2.4 / 4.2GHz, 8MB), 8GB Soldered DDR4-3200, 512GB SSD M.2 2242 PCIe 3.0x4 NVMe, 14 inches FHD (1920x1080), Integrated Intel Iris Xe Graphics, Windows 10 Home, MS Office Home & Student 2019 
                        	Pay only P 4,048 a Month for 12 months or
P 7,667 a Month for 6 months on major credit cards.
						
"," ₱ 42,995

"
" Lenovo IdeaPad Slim 3i 15ITL6 82H801V7PH Intel Core i5 11th Gen
Intel Core i5-1135G7 (4C / 8T, 2.4 / 4.2GHz, 8MB), 8GB Soldered DDR4-3200, 512GB SSD M.2 2280 PCIe 3.0x4 NVMe, Display 15.6 inches FHD (1920x1080), NVIDIA GeForce MX350 2GB GDDR5, Windows 11 
                        	Pay only P 4,048 a Month for 12 months or
P 7,667 a Month for 6 months on major credit cards.
						 Free: Microsoft Office Home & Student 2021 (Pre-installed)
"," ₱ 42,995

"
" Lenovo Ideapad Slim 3i 14ITL6 (82H701BBPH) Intel Core I5- 1135G7
Lenovo IdeaPad Slim 3i 14ITL6 82H701BBPH , Intel Core i5-1135G7 (4C / 8T, 2.4 / 4.2GHz, 8MB) , NVIDIA GeForce MX350 2GB GDDR5 , 8GB Soldered DDR4-3200 , 512GB SSD M.2 2280 PCIe 3.0x4 NVMe ,14 inch FHD (1920x1080) TN 250nits Anti-glare, 45% NTSC , WLAN + Bluetooth 11ac, 2x2 + BT5.0 , Battery Integrated 38Wh , Windows 11 
                        	Pay only P 4,048 a Month for 12 months or
P 7,667 a Month for 6 months on major credit cards.
						
"," ₱ 42,995

"
" Acer Aspire A515-56-53RZ Intel Core i5 11th Gen
Intel Core i5-1135G7 processor (8 MB Smart Cache, 2.4 GHz with Turbo Boost up to 4.2 GHz), 8GB onboard DDR4 upgradable up to 24GB, 512GB NVMe SSD (HDD Upgrade kit ready) 15.6 inches Full HD 1920 x 1080, Intel Iris Xe Graphics, Windows 11 
                        	Pay only P 4,049 a Month for 12 months or
P 7,668 a Month for 6 months on major credit cards.
						 Free: Microsoft Office Home & Student 2021 (Pre-installed)
"," ₱ 42,999

"
" Acer Aspire 5 A515-56G-56AZ Intel Core i5 11th Gen
Intel CoreTM i5-1135G7, 8GB LPDDR4 upgradable up to 24GB, 512GB NVMe M.2 SSD, 15.6 inches Full HD 1920x 1080, NVIDIA GeForce MX450, Windows 11, Microsoft Office Home and Student 2021 
                        	Pay only P 4,049 a Month for 12 months or
P 7,668 a Month for 6 months on major credit cards.
						
"," ₱ 42,999

"
" Acer Aspire 5 A515-56G-57H5 Intel Core i5 11th Gen
Intel CoreTM i5-1135G7, 8GB LPDDR4 upgradable up to 24GB, 512GB NVMe M.2 SSD, 15.6 inches Full HD 1920x 1080, NVIDIA GeForce MX450, Windows 11 
                        	Pay only P 4,049 a Month for 12 months or
P 7,668 a Month for 6 months on major credit cards.
						 Free: Microsoft Office Home & Student 2021 (Pre-installed)
"," ₱ 42,999

"
" Acer Aspire 5 A515-57-57EZ Intel Core i5 12th Gen
Acer Aspire 5 A515-57-57EZ (Safari Gold) i5-1235U, 8GB RAM, 512GB SSD, 15.6 inches
FHD, Windows 11 Home, Genius 
                        	Pay only P 4,049 a Month for 12 months or
P 7,668 a Month for 6 months on major credit cards.
						 Free: Microsoft Office Home & Student 2021 (Pre-installed)
"," ₱ 42,999

"
" Acer Aspire 5 A515-57-53QL Intel Core i5 12th Gen
Aspire 5 A515-57-53QL Laptop (Steel Gray) i5-1235u,8GB DDR4 ,512 GB SSD,Intel Iris Xe 15.6 FHD, Windows 11 Home , MS Office H&S 2021, Genius DX-110 USB Mouse (Green) Acer Backpack 
                        	Pay only P 4,049 a Month for 12 months or
P 7,668 a Month for 6 months on major credit cards.
						
"," ₱ 42,999

"
" Lenovo IdeaPad Slim 3i 14ITL6 82H700QHPH Intel Core i5 11th Gen
Intel Core i5-1135G7 Processor (8M Cache, up to 4.20 GHz), 8G DDR4, 256GB SSD NVME + 1TB HDD, 14 inches FHD (1920 x 1080), Intel Iris Xe Graphics, Windows 10 
                        	Pay only P 4,142 a Month for 12 months or
P 7,845 a Month for 6 months on major credit cards.
						
"," ₱ 43,995

"
" Asus Vivobook 14 X1402ZA- EB136WS Intel Core I5- 1240P
Intel Core i5-1240P , 8 GB RAM DDR4 , 512 GB SSD , UHD Graphics , 14"" FHD, Windows 11 Home , MS Office Home & Student 2021. 
                        	Pay only P 4,142 a Month for 12 months or
P 7,845 a Month for 6 months on major credit cards.
						 Take P5,500 OFF!!! + FREE Moby Bluetooth Speakers worth P999. Exclusive offer for Online Cash Buyers and Cash Buyers at Asianic (SM Cubao, SM Taytay, SM North Edsa, SM Mall of Asia, & Festival Mall Alabang) Valid until Sep 19, 2022.
"," ₱ 43,995


"
" Acer Swift 3 SF314-43-R4CP AMD Ryzen 5 5500U
AMD Ryzen 5 5500U hexa-core processor (up to 3 MB L2 cache, up to 8 MB L3 cache, 2.1 GHz with Precision Boost up to 4.0 GHz), 8GB of onboard LPDDR4X system memory, 512GB NVMe SSD, 14 inches display with IPS (In-Plane Switching) technology, Full HD 1920 x 1080, AMD Radeon Graphics, Windows 10 Pay only P 7,333 a Month for 6 months or
P 3,923 a Month for 12 months on major credit cards.
"," ₱ 43,999

"
" Acer Aspire 5 A515-56G-579G Intel Core i5 11th Gen
Intel Core i5-1135G7, 8GB DDR4, 512GB NVMe SSD, 15.6 inches FHD (1920 x 1080), NVIDIA GeForce MX350 GDDR5 2GB, Windows 10 Home Pay only P 14,833 a Month for 3 months on major credit cards. Microsoft office Home and Student 2019
"," ₱ 44,499

"
" HP 15S-EQ2159AU Ryzen 7 5700U
AMD Ryzen 7 5700U (up to 4.3 GHz max boost clock(2i), 8 MB L3 cache, 8 cores, 16 threads), 8GB DDR4-3200 MHz RAM (1 x 8 GB), 512GB PCIe NVMe M.2 SSD, 15.6 inches diagonal, FHD (1920 x 1080), AMD Radeon Graphics, Windows 11 
                        	Pay only P 4,236 a Month for 12 months or
P 8,023 a Month for 6 months on major credit cards.
						
"," ₱ 44,990

"
" HP Pavilion x360 14-DY0193TU Intel Core i3 11th Gen
Intel Core i3-1125G4, 8GB DDR4-3200, 512GB PCIe NVMe M.2 SSD, 14 inches diagonal FHD (1920 x 1080), multitouch-enabled, Intel UHD Graphics, Windows 11, Microsoft Office Home and Student 2019 (Pre-Installed) 
                        	Pay only P 4,236 a Month for 12 months or
P 8,023 a Month for 6 months on major credit cards.
						
"," ₱ 44,990

"
" Acer TravelMate P214-52-54G1 Intel Core i5 10th Gen
Intel Corei5 10210U 1.6GHZ, 6MB Cache, 4Cores, 8Threads, Turbo Freq 4.2GHZ, 8GB (1x  8GB) DDR4 3200MHz, Two (2) Memory Slots, Expandable Up to 32GB, 256GB SSD + 1TB HDD, 14 inches Full HD 1920 x 1080, Windows 10 Pro 
                        	Pay only P 4,236 a Month for 12 months or
P 8,023 a Month for 6 months on major credit cards.
						
"," ₱ 44,990

"
" Lenovo IdeaPad Slim 3i 15ITL05 81X800ARPH Intel Core i5 11th Gen
Intel Core i5-1135G7 (4C / 8T, 2.4 / 4.2GHz, 8MB), 8GB DDR4 (4GB Soldered DDR4-2666 + 4GB DDR4-2666), 512GB SSD M.2 2242 PCIe NVMe, 15.6 inches FHD (1920x1080) IPS 250nits Anti-glare, Intel Iris Xe Graphics, Windows 10 Home 
                        	Pay only P 4,237 a Month for 12 months or
P 8,024 a Month for 6 months on major credit cards.
						
"," ₱ 44,995

"
" Lenovo ideaPad Slim 5i 14ITL05 82FE00NUPH / 82FE00NVPH Intel Core i5 11th Gen
Intel Core i5-1135G7, 8GB Soldered DDR4-3200, 512GB SSD M.2 2242 PCIe, 14 inches Display FHD (1920x1080), Intel Iris Xe Graphics, Windows 10 
                        	Pay only P 4,237 a Month for 12 months or
P 8,024 a Month for 6 months on major credit cards.
						
"," ₱ 44,995

"
" Asus VivoBook Slate 13 OLED T3300KA-LQ075WS
Intel Pentium Silver N6000 Processor 1.1 GHz (4M Cache, up to 3.3 GHz, 4 cores), 8GB LPDDR4X on board, 128GB M.2 NVMe PCIe 3.0 SSD, 13.3 inches FHD (1920 x 1080), Intel UHD Graphics, Soft  Detachable KB/STAND, WIndows 11 
                        	Pay only P 4,237 a Month for 12 months or
P 8,024 a Month for 6 months on major credit cards.
						 Free: Microsoft Office Home and Student 2021 (Pre-Installed)
"," ₱ 44,995

"
" Acer Swift 3 SF313-52-55EG Intel Core i5 10th Gen
Intel Core i5-1035G4 Processor 1.10 GHz 6M Cache, up to 3.70 GHz, 8GB LPDDR4, 512GB NVMe SSD On-board SSD (non expandable), 13.5 inches IPS LCD , Intel Iris Plus Graphics, Windows 10 
                        	Pay only P 4,237 a Month for 12 months or
P 8,024 a Month for 6 months on major credit cards.
						
"," ₱ 44,999

"
" Lenovo Yoga 6 - 13ALC6 - Amd Ryzen 5 - 5500U
Yoga 13.3in FHD (1920x1080) IPS 300nits Glossy, 72% NTSC, Touch , AMD Ryzen 5 5500U , 8GB Soldered DDR4-3200 , 512GB SSD M.2 2242 PCIe 3.0x4 NVMe , Integrated AMD Radeon Graphics , Windows 11 Home 
                        	Pay only P 4,425 a Month for 12 months or
P 8,380 a Month for 6 months on major credit cards.
						
"," ₱ 46,995

"
" Acer Swift 3 SF314-59-5934 Intel Core i5 11th Gen
Intel Core i5-1135G7 2.4 GHz upt to 4.2 GHz, 8GB DDR4, 512 SSD NVMe PCIe M.2, 14 inches FHD IPS, Intel Iris Xe Graphics, Windows 10 
                        	Pay only P 4,425 a Month for 12 months or
P 8,381 a Month for 6 months on major credit cards.
						
"," ₱ 46,999

"
" Asus VivoBook S14 S433EA-AM214TS Intel Core i5 11th Gen
Intel Core i5-1135G7 Processor, 8GB DDR4, 512GB PCIe SSD, 14 inches FHD 1920x1080 NanoEdge Display, Intel Iris Xe graphics, Windows 10 
                        	Pay only P 4,519 a Month for 12 months or
P 8,559 a Month for 6 months on major credit cards.
						
"," ₱ 47,995

"
" Lenovo Slim 5 14ALC05 82LM002UPH Ryzen 7 5700U
AMD Ryzen 7 5700U (8C / 16T, 1.8 / 4.3GHz, 4MB L2 / 8MB L3), 16GB Soldered DDR4-3200, 512GB SSD M.2 NVMe, 14 inches FHD (1920x1080), Integrated AMD Radeon Graphics, Windows 10 Home Pay only P 7,999 a Month for 6 months or
P 4,279 a Month for 12 months on major credit cards. Free: Microsoft Office 2019 Home and Student (Pre-Installed)
"," ₱ 47,995

"
" Acer Swift 3 SF314-512-50XM Intel Core i5 12th Gen
Acer Swift 3 Intel Core i5-1240P processor (12 MB Smart Cache, 1.7 GHz Performance-core with Intel Turbo Boost Technology 2.0 up to 4.4 GHz) ,8GB of onboard LPDDR4X 512GB NVMe SSD,Intel Iris Xe Graphics,Windows 11 Home 
                        	Pay only P 4,519 a Month for 12 months or
P 8,559 a Month for 6 months on major credit cards.
						
"," ₱ 47,995

"
" Acer Swift 3 SF313-52-52QP Intel Core i5 10th Gen
Intel Core i5-1035G4 Processor 1.10 GHz 6M Cache, up to 3.70 GHz/, 16GB LPDDR4, 512GB NVMe SSD On-board SSD, 13.5 inches IPS LCD 2256 x 1504, Intel Iris Plus Graphics, Windows 10 
                        	Pay only P 4,519 a Month for 12 months or
P 8,559 a Month for 6 months on major credit cards.
						
"," ₱ 47,999

"
" Acer Aspire 5 A514-54G-70XQ Intel Core i7 11th Gen
Intel Core i7-1165G7 Processor 12M Cache, up to 4.70 GHz, 4GB DDR4, 1TB HDD + 256GB NVMe SSD, 14 inches Full HD In-plane Switching (IPS) Technology, 2GB NVIDIA GeForce MX350, Windows 10 
                        	Pay only P 4,519 a Month for 12 months or
P 8,559 a Month for 6 months on major credit cards.
						
"," ₱ 47,999

"
" HP Pavilion 14-DV2021TX Intel Core i5 12th Gen
Intel Core i5-1235U (up to 4.4 GHz with Intel Turbo Boost Technology, 12 MB L3 cache, 10 cores, 12 threads), 8GB DDR4-3200 SDRAM (2 x 4 GB), 512GB PCIe NVMe M.2 SSD, 14 inches FHD (1920 x 1080), NVIDIA GeForce MX550, Windows11 
                        	Pay only P 4,707 a Month for 12 months or
P 8,914 a Month for 6 months on major credit cards.
						 Free: Microsoft Office Home & Student 2021 (Pre-installed)
"," ₱ 49,990

"
" Lenovo SLIM 5i 14ITL05 82FE0045PH Intel Core i5 11th Gen
Intel Core I5-1135G7, 16GB DDR4, 512GB M.2 SSD,14 INCHES (1920 x 1080), NVIDIA MX350 2GB, WINDOWS 10 HOME 
                        	Pay only P 4,707 a Month for 12 months or
P 8,914 a Month for 6 months on major credit cards.
						
"," ₱ 49,990

"
" HP Pavilion 14-DV0503TX Intel Core i5 11th Gen
Intel Core i5-1135G7 (up to 4.2 GHz with Intel Turbo Boost Technology), 8GB DDR4-3200, 512GB PCIe NVMe M.2 SSD, 14 inches diagonal, FHD (1920 x 1080), NVIDIA GeForce MX450 2GB GDDR5, Windows11, Office 2019 Home & Student 
                        	Pay only P 4,707 a Month for 12 months or
P 8,914 a Month for 6 months on major credit cards.
						
"," ₱ 49,990

"
" HP Pavilion 14-DV1020TU Intel Core i5 11th Gen
Intel Core i5-1155G7 (up to 4.5 GHz with Intel® Turbo Boost Technology, 8 MB L3 cache, 4 cores, 8 threads), 8GB DDR4-3200 MHz RAM (2 x 4 GB), 512 GB PCIe NVMe M.2 SSD, 35.6 cm (14 inches) diagonal, FHD (1920 x 1080), IPS, micro-edge, anti-glare, Intel Iris Xe Graphics, Windows 11, MS Office 2019 Home & Student 
                        	Pay only P 4,707 a Month for 12 months or
P 8,914 a Month for 6 months on major credit cards.
						
"," ₱ 49,990

"
" Asus X415EP-EK028TS Intel Core i7 11th Gen
Intel Core i7-1165G7 Processor 2.8 GHz (12M Cache, up to 4.7 GHz, 4 cores), 4GB DDR4 onboard, 4GB DDR4, 1TB SATA HDD + 256GB M.2 NVMe PCIe 3.0 SSD, 14.0-inch, FHD (1920 x 1080) 16:9, Anti-glare display, NVIDIA GeForce MX330, 2GB GDDR5, Windows 10 
                        	Pay only P 4,707 a Month for 12 months or
P 8,915 a Month for 6 months on major credit cards.
						
"," ₱ 49,995

"
" Asus VivoBook Flip 14 TP470EA-EC004TS Intel Core i5 11th Gen
Intel Core i5-1135G7 Processor 2.4 GHz (8M Cache, up to 4.2 GHz, 4 cores), 8GB RAM DDR4, 512GB M.2 NVMe PCIe 3.0 SSD , 14 inches Full HD 1920x1080 IPS Touch Display with Stylus Pen, Intel Iris Xe Graphics, Windows 10 + MS Home & Student 2019 
                        	Pay only P 4,707 a Month for 12 months or
P 8,915 a Month for 6 months on major credit cards.
						
"," ₱ 49,995

"
" MSI MODERN 14 B11MO-051PH Intel Core i5 11th Gen
Intel Core i5 1135G7 Processor, 14"" FHD Display, 8GB DDR4, Intel Iris Xe Graphics, 512GB SSD, Windows 10 
                        	Pay only P 4,707 a Month for 12 months or
P 8,915 a Month for 6 months on major credit cards.
						
"," ₱ 49,995

"
" Asus VivoBook S14 S433EA -AM342TS Intel Core i5 11th Gen
Intel Core i5-1135G7 Processor, (8M Cache, 2.40 GHz up to 4.20 GHz), 16GB DDR4 3200MHz, 512GB PCIe SSD, 14 inches FHD 1920x1080 NanoEdge Display, Intel Iris Xe Graphics, Windows 10 
                        	Pay only P 4,707 a Month for 12 months or
P 8,915 a Month for 6 months on major credit cards.
						 Free: Microsoft Office Home and Student 2019 (Pre-Installed)
"," ₱ 49,995

"
" Asus X415JP-EK214T Intel Core i7 10th Gen
Intel Core i7-1065G7, 4GB+4GB DDR4 Memory, 256G PCIE SSD + 1TB HDD, 14 inches FHD Display, NVIDIA GeForce MX330 2GB GDDR5, Windows 10 
                        	Pay only P 4,707 a Month for 12 months or
P 8,915 a Month for 6 months on major credit cards.
						
"," ₱ 49,995

"
" Asus X415EP-EK029TS Intel Core i7 11th Gen
Processor: Intel Core i7-1165G7 Processor, 8GB (4GB + 4GB), 1TB HDD + 256GB SSD, 14 inches FHD, Nvidia MX330 2GB VRAM, Win10 Pay only P 8,332 a Month for 6 months or
P 4,457 a Month for 12 months on major credit cards.
"," ₱ 49,995

"
" Lenovo IdeaPad 15ITL6 82H800QLPH Intel Core i5 11th Gen
Intel Core i5-1135G7 (4C / 8T, 2.4 / 4.2GHz, 8MB), 4GB Soldered DDR4-3200 + 4GB SO-DIMM DDR4-3200, 256GB SSD M.2 + 1TB HDD, 15.6"" FHD (1920x1080), NVIDIA GeForce MX350 2GB, Windows 10, Office 2019 Home & Student (pre installed) Pay only P 8,332 a Month for 6 months or
P 4,457 a Month for 12 months on major credit cards. Promo: P47,995 for Online and cash buyers only!
"," ₱ 49,995

"
" Lenovo Ideapad Slim 5i 15ITL05 82FG00LGPH Intel Core i5 11th Gen
Intel Core i5-1135G7 (4C / 8T, 2.4 / 4.2GHz, 8MB), 16GB Soldered DDR4-3200, 512GB SSD M.2 2242 PCIe 3.0x2 NVMe, 15.6 inches FHD (1920x1080), Integrated Intel Iris Xe Graphics, Windows 10 
                        	Pay only P 4,707 a Month for 12 months or
P 8,915 a Month for 6 months on major credit cards.
						
"," ₱ 49,995

"
" Asus VivoBook 15 OLED K513EA-L12004TS Intel Core i5 11th Gen
Intel Core i5-1135G7 Processor 2.4 GHz (8M Cache, up to 4.2 GHz, 4 cores
, 8GB DDR4 on board, Memory Max Up to:16GB, 512GB M.2 NVMe PCIe 3.0 SSD, 15.6 inches FHD OLED (1920 x 1080), Intel Iris Xe Graphics, Win10, Microsoft Office 2019 Home and Student (Pre-Installed) 
                        	Pay only P 4,707 a Month for 12 months or
P 8,915 a Month for 6 months on major credit cards.
						 NOW! P44,999 Promo. Valid until June 30, 2022
"," ₱ 49,995

"
" Acer Aspire 5 A515-56-70BX Intel Core i7 11th Gen
Intel Core i7-1165G7 processor (12 MB Smart Cache, 2.8 GHz with Turbo Boost up to 4.7 GHz), 8GB onboard DDR4 Memory, 512GB NVMe SSD (HDD Upgrade kit ready),15.6 inches Full HD 1920 x 1080, Intel Iris Xe Graphics, Windows 10 Home 
                        	Pay only P 4,708 a Month for 12 months or
P 8,916 a Month for 6 months on major credit cards.
						 Microsoft Office 2019 Home and Student (Pre-Installed)
"," ₱ 49,999

"
" Acer Spin 5 SP513-54N-53X8 Intel Core i5 10th Gen
Intel Core i5-1035G4 Processor 1.10 GHz 6M Cache, up to 3.70 GHz, 8GB LPDDR4 SDRAM, 512GB NVME (M.2 slot), 13.5 inches VertiView display w/ IPS technology 2K resolution, Intel Iris Plus Graphics, Windows 10 
                        	Pay only P 4,708 a Month for 12 months or
P 8,916 a Month for 6 months on major credit cards.
						
"," ₱ 49,999

"
" Lenovo IdeaPad Slim 3i 14ITL6 82H70127PH Intel Core i7 11th Gen
Intel Core i7-1165G7 (4C / 8T, 2.8 / 4.7GHz, 12MB), 8GB Soldered DDR4-3200, 512GB SSD M.2 2280 PCIe 3.0x4 NVMe, 14.0 inches FHD Display (1920x1080), NVIDIA GeForce MX350 2GB GDDR5, Windows 11 
                        	Pay only P 4,802 a Month for 12 months or
P 9,094 a Month for 6 months on major credit cards.
						 Free: Microsoft Office Home & Student 2021 (Pre-installed)
"," ₱ 50,995

"
" Huawei Matebook D14 AMD Ryzen 5 4600H
Ryzen 5 4600H, 512GB SSD, 8GB PDDR4, 14-inch Fullview IPS Display (2160x1440), AMD Radeon Vega 8, Windows 10 
                        	Pay only P 4,802 a Month for 12 months or
P 9,094 a Month for 6 months on major credit cards.
						
"," ₱ 50,999

"
" Asus Zenbook 13 OLED UM325UA-KG138WS AMD Ryzen 7 5700U
AMD Ryzen 7 5700U Mobile Processor (8-core/16-thread, 12MB cache, up to 4.3 GHz max boost), 8GB LPDDR4X on board, 512GB M.2 NVMe PCIe 3.0 SSD, 13.3 inches FHD OLED Display, AMD Radeon Graphics, Windows 11 
                        	Pay only P 4,896 a Month for 12 months or
P 9,272 a Month for 6 months on major credit cards.
						 Get a FREE MS Office 2019 Home & Student Software for Online Cash Buyers.
"," ₱ 51,995

"
" Asus ZenBook 13 OLED UM325UA-KG096TS AMD Ryzen 7 5700U
AMD Ryzen 7 5700U, 8GB DDR4, 512GB SSD, 13.3 inches FHD OLED Display, AMD Radeon Graphics, Win10 
                        	Pay only P 4,896 a Month for 12 months or
P 9,272 a Month for 6 months on major credit cards.
						
"," ₱ 51,995

"
" HP Pavilion x360 14-DY1027TU Intel Core i5 11th Gen
Intel Core i5-1155G7 (up to 4.5 GHz with Intel Turbo Boost Technology, 8 MB L3 cache, 4 cores, 8 threads), 8GB DDR4-3200, 512GB PCIe NVMe M.2 SSD, 14 inches diagonal FHD (1920 x 1080), multitouch-enabled, Intel Iris Xe Graphics, with pen, Windows 11 
                        	Pay only P 4,989 a Month for 12 months or
P 9,449 a Month for 6 months on major credit cards.
						 Free: Microsoft Office Home and Student 2021 (Pre-Installed)
"," ₱ 52,990

"
" HP Pavilion 14-DV2022TX Intel Core i5 12th Gen
Intel Core i5-1235U (up to 4.4 GHz with Intel® Turbo Boost Technology(2g), 12 MB L3 cache, 10 cores, 12 threads)/8GB DDR4-3200 SDRAM (2 x 4 GB)/512GB PCIe NVMe M.2 SSD/14-inch diagonal, FHD (1920 x 1080), IPS, micro-edge,250 nits, 45% NTSC/NVIDIA® GeForce® MX550 (2 GB GDDR6 dedicated),windows 11
Free Microsoft Office Home and Student (Pre-Installed) 
                        	Pay only P 4,989 a Month for 12 months or
P 9,449 a Month for 6 months on major credit cards.
						
"," ₱ 52,990

"
" HP Pavilion 15-EH1121AU AMD Ryzen 5 5500U
AMD Ryzen 5 5500U (up to 4.0 GHz max boost clock, 8 MB L3 cache, 6 cores, 12 threads), 16GB DDR4 (2x8GB), 1TB PCIe NVMe M.2 SSD, 15.6 inches diagonal, FHD (1920 x 1080),  AMD Radeon Graphics, Windows 11 
                        	Pay only P 4,989 a Month for 12 months or
P 9,449 a Month for 6 months on major credit cards.
						
"," ₱ 52,990

"
" Lenovo IdeaPad Slim 5 PRO 14ACN6 82L700L4PH AMD Ryzen 5 5600U
AMD Ryzen 5 5600U (6C / 12T, 2.3 / 4.2GHz, 3MB L2 / 16MB L3), 16GB Soldered DDR4-3200, 512GB SSD M.2 2242 PCIe 3.0x4 NVMe, 14"" 2.8K (2880x1800) IPS, Integrated AMD Radeon Graphics, Windows 11 
                        	Pay only P 4,990 a Month for 12 months or
P 9,450 a Month for 6 months on major credit cards.
						 Free: Microsoft Office Home and Student 2021 (Pre-Installed)
"," ₱ 52,995

"
" Lenovo IdeaPad 5 PRO 14ACN6 82L7003LPH Intel Core i5 11th Gen
AMD Ryzen 5 5600U (6C / 12T, 2.3 / 4.2GHz, 3MB L2 / 16MB L3), 16GB DDR4-3200, 512GB SSD,  14 inches 2.2K (2240x1400), NVIDIA GeForce MX450 2GB GDDR6, Windows 10 
                        	Pay only P 4,990 a Month for 12 months or
P 9,450 a Month for 6 months on major credit cards.
						
"," ₱ 52,995

"
" Dell Inspiron 13 5301 Intel Core i5 11th Gen
Intel® Core i5-1135G7 Processor (8MB Cache, up to 4.2 GHz), 13.3 inches FHD Display, 8GB onboard LPDDR4x, 512GB M.2 PCIe NVMe SSD, NVIDIA GeForce MX350 2GB GDDR5, Windows 10 
                        	Pay only P 5,084 a Month for 12 months or
P 9,628 a Month for 6 months on major credit cards.
						
"," ₱ 53,990

"
" Lenovo IdeaPad Slim 3i 15ITL6 82H801UYPH Intel Core i5 11th Gen
Intel Core i5-1135G7 (4C / 8T, 2.4 / 4.2GHz, 8MB), 8GB DDR4 (4GB Soldered DDR4-3200 + 4GB SO-DIMM DDR4-3200), 1TB SSD M.2 2280 PCIe 3.0x4 NVMe, 15.6 inches FHD (1920x1080), NVIDIA GeForce MX350 2GB GDDR5, Windows 11 
                        	Pay only P 5,084 a Month for 12 months or
P 9,629 a Month for 6 months on major credit cards.
						 Free: Microsoft Office Home and Student 2021 (Pre-Installed)
"," ₱ 53,995

"
" Asus X415EP-EB155TS Intel i7 11th Gen
Intel Core i7-1165G7 Processor 2.8 GHz (12M Cache, up to 4.7 GHz, 4 cores), 8GB RAM 4GB DDR4 on board + 4GB DDR4 SO-DIMM, 1TB SATA 5400RPM + 256GB M.2 NVMe PCIe 3.0 SSD, 14 inch Dsiplay FHD (1920 x 1080), GeForce MX330 2GB, Windows10, Microsoft Office 2019 Home and Student (Pre-Installed) 
                        	Pay only P 5,084 a Month for 12 months or
P 9,629 a Month for 6 months on major credit cards.
						 NOW! P51,995 Promo. Valid until June 30, 2022
"," ₱ 53,995

"
" HP Pavilion X360 14-EK0038TU Intel Core i5 12th Gen
Intel Core i5-1235U (up to 4.4 GHz with Intel® Turbo Boost Technology, 12 MB L3 cache, 10 cores, 12 threads), 8GB DDR4-3200, 512GB PCIe NVMe M.2 SSD, 14.0 inches FHD (1920 x 1080) multitouch-enabled, Intel Iris Xe Graphics, Windows 11 
                        	Pay only P 5,178 a Month for 12 months or
P 9,806 a Month for 6 months on major credit cards.
						 Take P6,500 OFF!!! Exclusive offer for Online Cash Buyers and Cash Buyers at Asianic (SM San Lazaro, SM Megamall, SM Manila, SM Masinag & SM Taytay) Valid until Sep 19, 2022.
"," ₱ 54,990


"
" Acer Aspire 6 A615-51G-59EA Captain America Edition 15.6-inch FHD Intel Core i5 8th Gen
Intel Core i5-8250U 1.60 GHz Processor (6M Cache, up to 3.40 GHz), 4GB of onboard DDR4 system memory, 1TB HDD 5400 RPM, 15.6"" display with IPS (In-Plane Switching) technology, Full HD 1920 x 1080, NVIDIA GeForce MX150 with 2 GB of dedicated GDDR5 VRAM, Windows 10 Home 
                        	Pay only P 5,178 a Month for 12 months or
P 9,806 a Month for 6 months on major credit cards.
						
"," ₱ 54,990

"
" Asus ZenBook 13 UX325EA-EG056TS Intel Core i5 11th Gen
Intel Core i5-1135G7 Processor, 8GB LPDDR4X Memory, 512GB PCIe NVMe M.2 SSD, 13.3 inches FHD 1920x1080 NanoEdge Display, Intel IRIS X Graphics, Windows 10 
                        	Pay only P 5,178 a Month for 12 months or
P 9,807 a Month for 6 months on major credit cards.
						
"," ₱ 54,995

"
" Asus ZenBook 13 OLED UX325EA-KG271TS Intel Core i5 11th Gen
Intel Core i5-1135G7 Processor (8M Cache, up to 4.20 GHz), 16GB RAM DDR4, 512GB SSD, 13.3 inches FHD OLED display, Intel Iris Xe Graphics, with NumPad, Windows 10 
                        	Pay only P 5,178 a Month for 12 months or
P 9,807 a Month for 6 months on major credit cards.
						
"," ₱ 54,995

"
" Asus VivoBook PRO 14 OLED M3401QA-KM118WS AMD Ryzen 7 5800H
AMD Ryzen 7 5800H Mobile Processor (8-core/16-thread, 20MB cache, up to 4.4 GHz max boost), 8GB DDR4 on board, 1TB M.2 NVMe PCIe 3.0 SSD, 14 inches 2.8K (2880 x 1800) OLED Display, AMD Radeon Graphics, Windows 11 
                        	Pay only P 5,178 a Month for 12 months or
P 9,807 a Month for 6 months on major credit cards.
						 Free: Microsoft Office Home and Student 2021 (Pre-Installed)
"," ₱ 54,995

"
" Asus VivoBook PRO 14 OLED M3401QA-KM119WS AMD Ryzen 7 5800H
AMD Ryzen 7 5800H Mobile Processor (8-core/16-thread, 20MB cache, up to 4.4 GHz max boost), 8GB DDR4 on board, 1TB M.2 NVMe PCIe 3.0 SSD, 14 inches 2.8K (2880 x 1800) OLED Display, AMD Radeon Graphics, Windows 11 
                        	Pay only P 5,178 a Month for 12 months or
P 9,807 a Month for 6 months on major credit cards.
						 Free: Microsoft Office Home and Student 2021 (Pre-Installed)
"," ₱ 54,995

"
" Asus Zenbook 13 UX325EA-EG022TS Intel Core i5 11th Gen
Intel Core i5-1135G7 Processor, 8GB LPDDR4X, 512GB PCIe NVMe M.2 SSD, 13.3 inches FHD 1920x1080 NanoEdge Display, Intel IRIS X Graphics, Windows 10, Pre-Installed Microsoft Office Home & Student 2019 
                        	Pay only P 5,178 a Month for 12 months or
P 9,807 a Month for 6 months on major credit cards.
						
"," ₱ 54,995

"
" Lenovo IdeaPad 3 14ITL6 82H70047PH Intel Core i7 11th Gen
Intel Core i7-1165G7 Processor, 4G OB+4G DDR4, 512GB SSD M.2, 14 inches FHD (1920x1080), Intel IRIS Xe Graphics, Windows 10 Home Pay only P 9,166 a Month for 6 months or
P 4,904 a Month for 12 months on major credit cards. Free: Microsoft Office 2019 Home and Student (Pre-Installed)
"," ₱ 54,999

"
" Acer TMP215-53G-56EF INTEL CORE i5 11th Gen
Intel Core i5-1135G7 Processor, 4Cores 8Threads, 8M Cache, 2.4GHz up to 4.20 GHz, with IPU, 16GB (1 x 16GB) Dual-channel DDR4, 512GB PCIe NVMe SSD, 15.6 inches display Full HD 1920 x 1080, NVIDIA GeForce MX330 2GB, Windows 10 Pay only P 18,333 a Month for 3 months on major credit cards.
"," ₱ 54,999

"
" HP ENVY Notebook x360 13-AY0119AU AMD Ryzen 3 4300U
AMD Ryzen 3 4300U, 8 GB DDR4, 512 GB PCIe NVMe TLC M.2 SSD, 13.3 inches FHD, AMD Radeon Graphics, Windows 10 Pay only P 9,331 a Month for 6 months or
P 4,992 a Month for 12 months on major credit cards.
"," ₱ 55,990

"
" MSI MODERN 14 B11MO-050PH Intel Core i7 11th Gen
Intel Core i7-1165G7, 8GB DDR4, 512GB NVMe PCIe Gen4 SSD, 14.0 inches FHD, Intel Iris Xe graphics IPS-Level, Windows 10 
                        	Pay only P 5,272 a Month for 12 months or
P 9,985 a Month for 6 months on major credit cards.
						
"," ₱ 55,995

"
" MSI GF63 THIN 10SCSR-896PH Intel Core i5 10th Gen
Intel Core i5-10300H, 15.6 inches FHD 144Hz, IPS Panel, Thin Bezel, Anti-Glare, GTX 1650Ti 4GB GDDR6, 8GB DDR4, 256GB Pcie SSD + 1Tb HDD, Win10 
                        	Pay only P 5,272 a Month for 12 months or
P 9,985 a Month for 6 months on major credit cards.
						
"," ₱ 55,995

"
" Asus VivoBook Pro 15 OLED K3500PH-L1223WS Intel Core i5 11th Gen
Intel Core i5-11300H Processor 3.1 GHz (8M Cache, up to 4.4 GHz, 4 cores), 8GB DDR4 on board, 512GB M.2 NVMe PCIe 3.0 SSD, 15.6-inch, FHD (1920 x 1080) 16:9 aspect ratio, 400nits, 100% DCI-P3 color gamut, PANTONE Validated, Glossy display, Screen-to-body ratio: 84, NVIDIA GTX 1650 Max-Q technology 4GB GDDR6, Windows 11 
                        	Pay only P 5,272 a Month for 12 months or
P 9,985 a Month for 6 months on major credit cards.
						
"," ₱ 55,995

"
" Asus Vivobook 15 X571LI-AL210TS Intel Core i5 10th Gen
Intel Core i5 10300H Processor, 8GB DDR4 Memory, 1TB HDD + 256GB PCIe SSD, 15.6 inches FHD 1920X1080 LED Display, NVIDIA GTX1650Ti 4GB GDDR6 VRAM, Windows 10 , Pre-Installed Microsoft Office Home & Student 2019 
                        	Pay only P 5,272 a Month for 12 months or
P 9,985 a Month for 6 months on major credit cards.
						
"," ₱ 55,995

"
" HP Victus 15- FB0035AX Amd Ryzen-5 -5600H
Amd Ryzen-5 5600h,8gb ddr4 3200hz,512gb ssd pcie 3x4,Nvidia GeForce RTX 3050 4gb, 15,6 FHD Anti Glare Ultra Slim ips 250nits 144hz Narrow Border,W11 Home,,Tnr Ceramic office home & Students Preinstalled, 
                        	Pay only P 5,460 a Month for 12 months or
P 10,341 a Month for 6 months on major credit cards.
						
"," ₱ 57,990

"
" Lenovo Ideapad 3 14IAU7 Intel Core i7 -1255U
Ideapad 3 14IAU7 82RJ003HPH Laptop (Abyss Blue) , 14 FHD , i7-1255U , 8GB RAM DDR4 , 512 GB SSD , Iris Xe Graphics , Windows 11 Home , MS Office Home & Student 2021 
                        	Pay only P 5,461 a Month for 12 months or
P 10,342 a Month for 6 months on major credit cards.
						
"," ₱ 57,995

"
" Acer Swift 3x SF314-510G-77HY Intel Core i7 11th Gen
Intel Core i7-1065G7 Processor 1.30 GHz 8M Cache, up to 3.90 GHz, 16GB LPDDR4 SDRAM No Expansion slot (built in), 1TB NVME (M.2 slot), 13.5 inches VertiView display w/ IPS technology 2K resolution (2256 x 1504), Intel Iris Plus Graphics, Windows 10 
                        	Pay only P 5,555 a Month for 12 months or
P 10,521 a Month for 6 months on major credit cards.
						
"," ₱ 58,999

"
" HP Pavilion Aero 13-BE0223AU AMD Ryzen 7 5800U
AMD Ryzen 7 5800U (up to 4.4 GHz max boost clock, 16 MB L3 cache, 8 cores, 16 threads), 16GB DDR4-3200 SDRAM (onboard), 512GB PCIe NVMe M.2 SSD, 13.3 inches diagonal, WQXGA (2560 x 1600), AMD Radeon Graphics, Fingerprint reader, Windows 11 
                        	Pay only P 5,649 a Month for 12 months or
P 10,698 a Month for 6 months on major credit cards.
						
"," ₱ 59,990

"
" HP Laptop Envy 13-BA1521TX Intel Core i5 11th Gen
Intel Core i5-1135G7 (up to 4.2 GHz with Intel Turbo Boost Technology, 8 MB L3 cache, 4 cores), 8GB DDR4-2933 MHz RAM (onboard), 512GB PCIe NVMe TLC M.2 SSD, 13.3 inches diagonal, FHD (1920 x 1080), NVIDIA GeForce MX450 (2 GB GDDR6 dedicated), Windows 11 
                        	Pay only P 5,649 a Month for 12 months or
P 10,698 a Month for 6 months on major credit cards.
						 Free: Microsoft Office Home and Student 2021 (Pre-Installed)
"," ₱ 59,990

"
" Lenovo ideaPad Slim 3i 14ITL6 82H70048PH Intel Core i7 11th Gen
Intel Core i7-1165G7 (4C / 8T, 2.8 / 4.7GHz, 12MB), 4GB Soldered DDR4 + 4GB SO-DIMM DDR4, 512GB SSD M.2 NVMe, 14 inches FHD (1920x1080), GeForce MX450, Windows 10, MS Office 2019 Home and Student 
                        	Pay only P 5,649 a Month for 12 months or
P 10,699 a Month for 6 months on major credit cards.
						
"," ₱ 59,995

"
" Lenovo Ideapad Slim- 5i- 15ITL05-Intel Core i7-  1165G7
Lenovo IdeaPad Slim 5i 15ITL05 82FG01F2PH [Grey] 15.6 FHD IPS ,Core i7-1165G7
16GB RAM,1TB SSD, Graphics Nvidia Geforce  MX450 2gb ddr6 
                        	Pay only P 5,649 a Month for 12 months or
P 10,699 a Month for 6 months on major credit cards.
						
"," ₱ 59,995

"
" Asus Zenbook 14 UX435EG-K9191TS Intel Core i5 11th Gen
Intel Core i5-1135G7 2.4GHz (8M Cache, up to 4.2 GHz, 4 cores) Processor, 16GB DDR4 Memory (on board), 512GB M.2 NVMe PCIe 3.0 SSD, 14 inches FHD 1920 x 1080, ScreenPad 2.0 (FHD+ (2160 x 1080) IPS-level Panel, NVIDIA GeForce MX450 2GB GDDR6, Windows 10 Pay only P 9,999 a Month for 6 months or
P 5,349 a Month for 12 months on major credit cards.
"," ₱ 59,995

"
" HP ENVY 13-BA1024TX Intel Core i5 11th Gen
Intel Core i5-1135G7 Processor (8M Cache, up to 4.20 GHz), 8GB DDR4, 512 GB PCIe NVMe M.2 SSD, 13.3 inches FHD (1920 x 1080), NVIDIA GeForce MX450 (2 GB GDDR6), Windows 10 
                        	Pay only P 5,649 a Month for 12 months or
P 10,699 a Month for 6 months on major credit cards.
						
"," ₱ 59,999

"
" Acer TravelMate P215-53G-706W Intel Core i7 11th Gen
Intel Core i7-1165G7 Processor, 4Cores 8Threads, 12M Cache, 2.80 GHz up to 4.70 GHz, with IPU, 16GB (1 x 16GB) Dual-channel DDR4, 512GB PCIe NVMe SSD, Nvidia GeForce MX330 2GB, Windows 10 Pro 
                        	Pay only P 5,649 a Month for 12 months or
P 10,699 a Month for 6 months on major credit cards.
						
"," ₱ 59,999

"
" Acer Aspire Vero AV15-51-78G8 Intel Core i7 11th Gen
Intel Core i7-1195G7 processor (12 MB Smart Cache, 2.9 GHz with Turbo Boost Max Technology 3.0 up to 5.0 GHz, 16GB DDR4 (8GB of onboard DDR4 system memory + 8GB of dual-channel DDR4), 1TB NVMe SSD, 15.6 inches display Full HD 1920 x 1080, Intel Iris Xe Graphics, Windows 11 
                        	Pay only P 5,649 a Month for 12 months or
P 10,699 a Month for 6 months on major credit cards.
						
"," ₱ 59,999

"
" Acer Nitro 5 AN515-57-53SB Intel Core i5 11th Gen
Intel Core i5-11400H processor (12 MB Smart Cache, 2.7 GHz with Turbo Boost up to 4.5 GHz, DDR4), 8GB of DDR4 3200mhz, 512GB NVMe SSD, 15.6 inches display 144Hz Full HD 1920 x 1080, NVIDIA GeForce RTX 3050 Ti 4GB GDDR6, Windows 10 
                        	Pay only P 5,649 a Month for 12 months or
P 10,699 a Month for 6 months on major credit cards.
						
"," ₱ 59,999

"
" HP Pavilion 15-EG0512TX Intel Core i7 11th Gen
Intel Core i7-1165G7 (up to 4.7 GHz with Intel Turbo Boost Technology, 12 MB L3 cache, 4 cores), 16GB DDR4-3200 SDRAM (2 x 8 GB), 512GB PCIe NVMe M.2 SSD, 15.6 inches diagonal, FHD (1920 x 1080), NVIDIA GeForce MX450 2GB GDDR5, WIndows 11 
                        	Pay only P 5,931 a Month for 12 months or
P 11,233 a Month for 6 months on major credit cards.
						 Free: Microsoft Office 2019 Home and Student (Pre-Installed)
"," ₱ 62,990

"
" HP Pavilion 15-EG1029TU Intel Core i7 11th Gen
Intel Core i7-1195G7 (up to 5.0 GHz with Intel Turbo Boost Technology, 12 MB L3 cache, 4 cores, 8 threads), 16GB DDR4-3200 MHz RAM (2 x 8 GB), 1TB PCIe NVMe M.2 SSD, 39.6 cm (15.6 inches) diagonal, FHD (1920 x 1080), IPS, Intel Iris Xe Graphics, Windows 11 
                        	Pay only P 5,931 a Month for 12 months or
P 11,233 a Month for 6 months on major credit cards.
						 Free: Microsoft Office 2019 Home and Student (Pre-Installed)
"," ₱ 62,990

"
" HP Pavilion x360 14-DY1028TU Intel Core i7 11th Gen
Intel Core i7-1195G7, 16GB DDR4-3200 MHz RAM (2 x 8 GB), 512GB PCIe NVMe M.2 SSD, 14 diagonal FHD (1920 x 1080), multitouch-enabled, IPS, edge-to-edge glass, Intel Iris Xe Graphics, with pen, Windows 11 
                        	Pay only P 5,931 a Month for 12 months or
P 11,233 a Month for 6 months on major credit cards.
						 Free: Microsoft Office Home and Student 2019 (Pre-Installed)
"," ₱ 62,990

"
" Dell Inspiron 13 5301 Intel Core i7 11th Gen
Intel® Core i7-1165G7 Processor (12MB Cache, up to 4.7 GHz), 13.3 inches FHD Display,  8GB onboard LPDDR4x, 512GB M.2 PCIe NVMe SSD, NVIDIA GeForce MX350 2GB GDDR5 graphics memory, Windows 10 
                        	Pay only P 5,931 a Month for 12 months or
P 11,233 a Month for 6 months on major credit cards.
						
"," ₱ 62,990

"
" HP ENVY x360 Convert 13-AY1053AU AMD Ryzen 5 5600U
AMD Ryzen 5 5600U (up to 4.2 GHz max boost clock, 16 MB L3 cache, 6 cores, 12 threads), 8GB DDR4-3200 (onboard), 512GB PCIe NVMe M.2 SSD, 33.8 cm (13.3"") diagonal, FHD (1920 x 1080), multitouch-enabled, IPS, edge-to-edge glass, micro-edge, BrightView, Corning Gorilla Glass, AMD Radeon Graphics, Windows 11 
                        	Pay only P 5,931 a Month for 12 months or
P 11,233 a Month for 6 months on major credit cards.
						
"," ₱ 62,990

"
" Asus VivoBook PRO OLED M3500QC-L1408WS AMD Ryzen 5 5600H
AMD Ryzen 5 5600H Mobile Processor (6-core/12-thread, 19MB cache, up to 4.2 GHz max boost), 16GB DDR4, 512GB SSD, 15 inches FHD (1920 x 1080) OLED Display, NVIDIA GeForce RTX 3050, Windows 11 
                        	Pay only P 5,932 a Month for 12 months or
P 11,234 a Month for 6 months on major credit cards.
						 Free: Microsoft Office Home and Student 2021 (Pre-Installed)
"," ₱ 62,995

"
" Asus VivoBook PRO 15 OLED M3500QC-L1080TS AMD Ryzen 5 5600H
AMD Ryzen 5 5600H Mobile Processor, 16GB DDR4, 512GB M.2 NVMe PCIe 3.0 SSD, FHD (1920 x 1080), NVIDIA GeForce RTX 3050, Windows 10 Home 
                        	Pay only P 5,932 a Month for 12 months or
P 11,234 a Month for 6 months on major credit cards.
						
"," ₱ 62,995

"
" Acer Swift 5 SF514-55TA-54J7 Intel Core i5 11th Gen
Intel Core i5 1135G7 2.4 GHz up to 4.2 GHz, 8GB DDR4,  512GB SSD, 14 inches FHD IPS Display, 8GB RAM, Intel Iris Xe Graphics, Windows 10 Pay only P 5,249 a Month for 12 months or
P 10,499 a Month for 6 months on major credit cards.
"," ₱ 62,999

"
" HP Victus 15-FA0040TX Intel Core i5 12th Gen
Intel Core I5-12500h,8gb ddr4 3200hz,512gb ssd pcie 3x4,Nvidia GeForce RTX 3050 ti 4gb, 15,6 FHD Anti Glare Ultra Slim ips 250nits 144hz Narrow Border,W11 Home,,Tnr Ceramic 
                        	Pay only P 6,119 a Month for 12 months or
P 11,589 a Month for 6 months on major credit cards.
						 Free: Microsoft Office Home & Student 2021 (Pre-installed)
"," ₱ 64,990

"
" Lenovo Yoga Slim 7 Pro 14ACH5 82N5001HPH AMD Ryzen 7 5800H
AMD Ryzen 7 5800H (8C / 16T, 3.2 / 4.4GHz, 4MB L2 / 16MB L3), 16GB Soldered DDR4-3200, 512GB SSD M.2 2280 PCIe 3.0x4 NVMe, 14 inches 2.8K (2880x1800) OLED 400nits Glossy, 90Hz, 100% DCI-P3, HDR 500 True Black, Glass, Dolby Vision, AMD Radeon Graphics, Windows 10 
                        	Pay only P 6,120 a Month for 12 months or
P 11,590 a Month for 6 months on major credit cards.
						
"," ₱ 64,995

"
" Asus ZenBook Flip 13 UX363EA-EM035TS Intel Core i5 11th Gen
Intel Core i5-1135G7 Processor 8M Cache, up to 4.20 GHz, 8GB 4266 MHz LPDDR4x, 512GB PCIe NVMe x2 M.2 SSD, 13.3 inches LED-backlit FHD (1920 x 1080) 16:9 slim-bezel NanoEdge touchscreen, Intel Iris Xe graphics, Windows 10 Home 
                        	Pay only P 6,120 a Month for 12 months or
P 11,590 a Month for 6 months on major credit cards.
						
"," ₱ 64,995

"
" Asus Asus ZENBOOK 13 OLED UX325EA-KG272TS Intel Core i7 11th Gen
Intel Core i7-1165G7 Processor, 16GB DDR4 Memory, 512GB SSD Storage, 13.3 inches FHD OLED DISPLAY, Intel IRIS Xe graphics with NumberPad, Windows 10 Pay only P 10,832 a Month for 6 months or
P 5,795 a Month for 12 months on major credit cards.
"," ₱ 64,995

"
" Asus Zenbook 14X OLED UM5401QA-KN006TS AMD Ryzen 5 5600H
AMD Ryzen 5 5600H (6-core/12-thread, 19MB cache, up to 4.2 GHz max boost) Processor, 8GB LPDDR4X on board Memory, 512GB M.2 NVMe PCIe 3.0 SSD, 14 inches WQXGA OLED 2880x1800 Display (Touch Screen), AMD Radeon Graphics, Windows 10 
                        	Pay only P 6,120 a Month for 12 months or
P 11,590 a Month for 6 months on major credit cards.
						
"," ₱ 64,995

"
" HP ENVY x360 Convert 13-ay1001AU Ryzen 7 5800U
AMD Ryzen 7 5800U (up to 4.4 GHz max boost clock, 16 MB L3 cache, 8 cores, 16 threads), 16GB DDR4-3200 MHz RAM (onboard), 1 TB PCIe NVMe M.2 SSD, 13.3 inches diagonal, FHD (1920 x 1080), multitouch-enabled, IPS, AMD Radeon Graphics, Windows 11 
                        	Pay only P 6,590 a Month for 12 months or
P 12,481 a Month for 6 months on major credit cards.
						
"," ₱ 69,990

"
" Asus VivoBook Flip 14 TP470EZ-EC129WS Intel Core i7 11th Gen
Intel Core i7-1165G7 Processor 2.8 GHz (12M Cache, up to 4.7 GHz, 4 cores), 16GB LPDDR4X on board, Total system memory: 8GB, 512GB M.2 NVMe PCIe 3.0 SSD,14 inches FHD (1920 x 1080) Touch screen with stylus support, Intel Iris Xe Max 4GB, Stylus Pen/Black, Windows 11 
                        	Pay only P 6,591 a Month for 12 months or
P 12,482 a Month for 6 months on major credit cards.
						 Free: Microsoft Office Home and Student 2021 (Pre-Installed)
"," ₱ 69,995

"
" Acer Swift 3 SF313-52-712L Intel Core i7 10th Gen
Intel Core i7-1065G7 Processor 1.30GHz 8M Cache, up to 3.90 GHz, 16GB LPDDR4, 1TB NVMe SSD On-board SSD (none expandable), 13.5"" IPS LCD 2256 x 1504, Intel Iris Plus Graphics, Windows 10 Pay only P 5,833 a Month for 12 months or
P 11,666 a Month for 6 months on major credit cards.
"," ₱ 69,999

"
" Asus ZenBook Duo UX481FL-HJ156TS Intel Core i5 10th Gen
Intel Core i5-10210U Processor, 16GB LPDDR3, 512GB PCIEG3x4 NVME M.2 SSD, 14 inches FHD 1920x1080 IPS + 12.6"" FHD Touch Display, NVIDIA MX250 2GB GDDR5, Windows 10 Home, Pre-Installed Microsoft Office Home & Student 2019 
                        	Pay only P 6,591 a Month for 12 months or
P 12,483 a Month for 6 months on major credit cards.
						
"," ₱ 69,999

"
" Acer Spin 5 SP513-54N-73ZX Intel Core i7 10th Gen
Intel Core i7-1065G7 Processor 1.30 GHz 8M Cache, up to 3.90 GHz, 16GB LPDDR4, 1TB NVME (M.2 slot), 13.5"" VertiView display w/ IPS technology 2K resolution, Intel Iris Plus Graphics, Windows 10 
                        	Pay only P 6,591 a Month for 12 months or
P 12,483 a Month for 6 months on major credit cards.
						
"," ₱ 69,999

"
" Lenovo IdeaPad 5 Pro 14ITL6 82L30029PH Intel Core i7 11th Gen
Intel Core i7-1165G7 (4C / 8T, 2.8 / 4.7GHz, 12MB), 16GB Soldered DDR4-3200, 1TB SSD M.2 2280 PCIe 3.0x4 NVMe, 14"" 2.2K (2240x1400) IPS 300nits Anti-glare, 60Hz, NVIDIA GeForce MX450 2GB GDDR6, Operating System : Windows 10 
                        	Pay only P 6,779 a Month for 12 months or
P 12,839 a Month for 6 months on major credit cards.
						
"," ₱ 71,995

"
" HP Envy 13-BA1522TX Intel Core i7 11th Gen
Intel Core i7-1165G7 (up to 4.7 GHz with Intel Turbo Boost Technology, 12MB L3 cache, 4 cores), 16GB DDR4-2933, 512GB PCIe NVMe TLC M.2 SSD, 13.3 inches diagonal, FHD (1920 x 1080) IPS, NVIDIA GeForce MX450 2GB, Windows 11 
                        	Pay only P 6,873 a Month for 12 months or
P 13,016 a Month for 6 months on major credit cards.
						 Free: Microsoft Office Home and Student 2021 (Pre-Installed)
"," ₱ 72,990

"
" HP ENVY 13-BA1025TX Intel Core i7 11th Gen
Intel Core i7-1165G7 (up to 4.7 GHz with Intel Turbo Boost Technology), 16GB DDR4 SDRAM (onboard), 512GB PCIe NVMe M.2 SSD, 13.3 inches diagonal, FHD (1920 x 1080), IPS, edge-to-edge glass, NVIDIA GeForce MX450 (2GB GDDR6 dedicated), WIndows 10 
                        	Pay only P 6,873 a Month for 12 months or
P 13,016 a Month for 6 months on major credit cards.
						
"," ₱ 72,990

"
" HP Victus 16- D1094TX- Intel Core I5- 12500H
Intel Core i5-12500h,16gb ddr5 4800hz,512gb ssd pcie 3x4,Nvidia GeForce RTX 3060 6gb, 16.1 FHD Anti Glare Ultra Slim ips 250nits 144hz Narrow Border,W11 Home,,Tnr Ceramic office home & Students Preinstalled, 
                        	Pay only P 7,532 a Month for 12 months or
P 14,264 a Month for 6 months on major credit cards.
						
"," ₱ 79,990

"
" Asus TUF Gaming F15 FX506HM-HN094T Intel Core i7 11th Gen
Intel Core i7-11800H, 8GB DDR4, 1TB PCIE SSD, 15.6 inches FHD IPS, nVidia RTX3060 6GB, Win10 
                        	Pay only P 7,532 a Month for 12 months or
P 14,265 a Month for 6 months on major credit cards.
						
"," ₱ 79,995

"
" Asus ZenBook DUO UX482EAR-HY341WS Intel Core i5 11th Gen
Intel Core i5-1135G7 Processor 2.4 GHz (8M Cache, up to 4.2 GHz, 4 cores), 16GB LPDDR4X on board, Total system memory:16GB, 512GB M.2 NVMe PCIe SSD with 32GB Intel Optane Memory, 14.0-inch, FHD (1920 x 1080), Intel Iris Xe Graphics, ScreenPad Plus (12.65"" 1920 x 515 IPS-level Panel Support Stylus), Windows 11 Home 
                        	Pay only P 8,003 a Month for 12 months or
P 15,157 a Month for 6 months on major credit cards.
						 Free: Microsoft Office 2021 Home and Student (Pre-Installed).
"," ₱ 84,995

"
" HP Spectre X360 13-AW2095TU Intel Core i5 11th Gen
Intel Core i5-1135G7 Processor (up to 4.2 GHz), 8GB DDR4, 512GB SDD, 13.3 inches diagonal FHD (1920 x 1080) multitouch-enabled, IPS, edge-to-edge glass with anti-reflection Corning Gorilla Glass, Intel Iris Xe Graphics, Windows 10 
                        	Pay only P 8,097 a Month for 12 months or
P 15,334 a Month for 6 months on major credit cards.
						
"," ₱ 85,990

"
" HP Spectre X360 14-EA1057TU Intel Core i5 11th Gen
Intel Core i5-1155G7 (up to 4.5 GHz with Intel Turbo Boost Technology, 8 MB L3 cache, 4 cores, 8 threads), 8GB LPDDR4x-4266 MHz RAM (onboard), 512GB PCIe NVMe TLC M.2 SSD, 34.3 cm (13.5 inches) diagonal, WUXGA+ (1920 x 1280), multitouch-enabled, IPS, Intel Iris Xe Graphics, Windows 11 
                        	Pay only P 8,285 a Month for 12 months or
P 15,691 a Month for 6 months on major credit cards.
						
"," ₱ 87,990

"
" HP Spectre X360 14-EF0038TU Intel Core i5 12th Gen
HP NB Spectre X360 14-EF0038TU,Intel Core i5-1235U,8GB DDR4, 512GB PCIe 4x4,Intel Iris Xe, Touch, 13.5 WUXGA (1920x1200) IPS,W11 Home/ Nightfall Black
FPR+IR camera. 
                        	Pay only P 8,285 a Month for 12 months or
P 15,691 a Month for 6 months on major credit cards.
						
"," ₱ 87,990

"
" Asus ZenBook 15 UX534FTC-A7611T i7 10th Gen
ZenBook 15 UX534FTC-A7611T Intel Core i7-10510U Processor (8M Cache, up to 4.90 GHz), 16GB DDR4, 1TB PCIe Gen3 x4 SSD, 15.6 inches (16:9) LED-backlit FHD (1920x1080) 60Hz Anti-Glare Panel with wide 178 degree viewing angles, NVIDIA GeForce GTX 1650 with Max-Q Design 4GB GDDR5 VRAM, Windows 10 
                        	Pay only P 8,474 a Month for 12 months or
P 16,049 a Month for 6 months on major credit cards.
						
"," ₱ 89,995

"
" Asus Zenbook Flip S UX371EA-HL135TS Intel Core i7-1165G7
Intel Core i7-1165G7 Processor, 16GB LPDDR4X onboard Memory, 1TB M.2 NVMe PCIe 3.0 SSD, 13.3 inches, OLED, 4K UHD 3840 x 2160 (Touch), Intel IRIS Xe Graphics, Windows 10, Pre-Installed Microsoft Office Home & Student 2019 
                        	Pay only P 8,945 a Month for 12 months or
P 16,940 a Month for 6 months on major credit cards.
						
"," ₱ 94,995

"
" HP Spectre X360 14-EA1060TU Intel Core i7 11th Gen
Intel Core i7-1195G7 Processor (up to 5.0 GHz with Intel Turbo Boost Technology(2g), 12 MB L3 cache, 4 cores, 8 threads), 16GB LPDDR4x-4266 MHz RAM (onboard), 512GB PCi NVMe TLC M.2 SDD, 13.5 inches diagonal WUXGA+ (1920 x 1280) multitouch-enabled, Intel Iris Xe Graphics, Windows 11 
                        	Pay only P 9,039 a Month for 12 months or
P 17,118 a Month for 6 months on major credit cards.
						 Free: Microsoft Office 2019 Home and Student (Pre-Installed)
"," ₱ 95,990

"
" HP NB Spectre X360 14-EF0039TU Intel Core i7 12th Gen
HP NB Spectre X360 14-EF0039TU,Intel Core i7-1255U, 16GB DDR4, 512GB PCIe 4x4,Intel Iris Xe,Touch,13.5 WUXGA (1920x1200) IPS, W11 Home, Nightfall Black 
 FPR+IR camera. 
                        	Pay only P 9,039 a Month for 12 months or
P 17,118 a Month for 6 months on major credit cards.
						
"," ₱ 95,990

"
" HP SPECTRE X360 13-AW0116TU Intel Core i7 10th Gen
HP SPECTRE X360 13-AW0116TU, Intel Core i7-1065G7, 13.3 Inches FHD IPS, 16GB DDR4, 1TB SSD, Windows 10, Nightfall Black Pay only P 16,665 a Month for 6 months or
P 8,915 a Month for 12 months on major credit cards.
"," ₱ 99,990

"
" Asus ZenBook DUO UX482EGR-KA357WS Intel Core i7 11th Gen
Intel Core i7-1195G7 Processor 3.0 GHz (12M Cache, up to 4.8 GHz, 4 cores), 16GB LPDDR4X on board, 1TB M.2 NVMe PCIe 3.0 SSD, 14.0 inches FHD Display (1920 x 1080), NVIDIA GeForce MX450 2GB GDDR6, Windows 11 
                        	Pay only P 9,416 a Month for 12 months or
P 17,832 a Month for 6 months on major credit cards.
						
"," ₱ 99,995

"
" HP Spectre X360 14-EA1058TU Intel Core i7 11th Gen
Intel Core i7-1195G7 Processor (up to 5.0 GHz with Intel Turbo Boost Technology, 12 MB L3 cache, 4 cores, 8 threads), 16GB LPDDR4x-4266 MHz RAM (onboard), 1TB PCi NVMe TLC M.2 SDD, 13.5 inches diagonal WUXGA+ (1920 x 1280) multitouch-enabled, IPS, edge-to-edge glass with anti-reflection Corning Gorilla Glass, Intel Iris Xe Graphics, Windows 11 
                        	Pay only P 9,698 a Month for 12 months or
P 18,366 a Month for 6 months on major credit cards.
						 Free: Microsoft Office 2019 Home and Student (Pre-Installed)
"," ₱ 102,990

"
" HP NB Spectre X360 14-EF0042TU Intel Core i7 12th Gen
HP NB Spectre X360 14-EF0042TU,Intel Core i7-1255U, 16GB DDR4, 1TB PCIe 4x4,
 Intel Iris Xe, Touch,13.5 WUXGA (1920x1200) IPS,W11 Home, Nightfall Black FPR+IR camera. 
                        	Pay only P 9,698 a Month for 12 months or
P 18,366 a Month for 6 months on major credit cards.
						
"," ₱ 102,990

"
