ProductDescription,ProductSpecs,Prices
"
                                        Samsung Galaxy Z Fold4 (12GB + 512GB) Phantom Black                                    ","
7.6-inch QXGA+, SD 8+ Gen 1, 512GB, 4400mAh 
","₱105,990"
"
                                        Samsung Galaxy Z Fold4 (12GB + 512GB) Gray Green                                    ","
7.6-inch QXGA+, SD 8+ Gen 1, 512GB, 4400mAh 
","₱105,990"
"
                                        Samsung Galaxy Z Fold4 (12GB + 256GB) Phantom Black                                    ","
7.6-inch QXGA+, SD 8+ Gen 1, 256GB, 4400mAh 
","₱98,990"
"
                                        Samsung Galaxy Z Fold4 (12GB + 256GB) Gray Green                                    ","
7.6-inch QXGA+, SD 8+ Gen 1, 256GB, 4400mAh 
","₱98,990"
"
                                        OPPO A57 Glowing Black                                    ","
6.56-inch HD+, Helio G35, 128GB, 5000mAh 
","₱11,199"
"
                                        Huawei nova 9 SE Crystal Blue                                    ","
6.78-inch Full HD+, SD 680, 128GB, 4000mAh 
","₱13,999"
"
                                        Huawei nova 9 SE Midnight Black                                    ","
6.78-inch Full HD+, SD 680, 128GB, 4000mAh 
","₱13,999"
"
                                        Vivo Y02s Vibrant Blue                                    ","
6.51-inch HD+, Helio P35, 32GB, 5000mAh 
","₱6,699"
"
                                        Vivo Y02s Flourite Black                                    ","
6.51-inch HD+, Helio P35, 32GB, 5000mAh 
","₱6,699"
"
                                        Huawei Nova Y90 Emerald Green                                    ","
6.7-inch FHD, SD 680, 128GB, 5000mAh 
","₱11,999"
"
                                        Huawei Nova Y90 Crystal Blue                                    ","
6.7-inch FHD, SD 680, 128GB, 5000mAh 
","₱11,999"
"
                                        Huawei Nova Y90 Midnight Black                                    ","
6.7-inch FHD, SD 680, 128GB, 5000mAh 
","₱11,999"
"
                                        Apple iPhone 11                                    ","
64GB White 
","₱27,490"
"
                                        Apple iPhone 11                                    ","
64GB Black 
","₱27,490"
"
                                        Wiko T50 Green                                    ","
6.6-inch Full HD+, Helio G85, 128GB, 4000mAh 
","₱11,990"
"
                                        Wiko T50 Black                                    ","
6.6-inch Full HD+, Helio G85, 128GB, 4000mAh 
","₱11,990"
"
                                        Wiko T10 Green                                    ","
6.5-inch HD+, MTK MT6761, 64GB, 5000mAh 
","₱4,990"
"
                                        Wiko T10 Black                                    ","
6.5-inch HD+, MTK MT6761, 64GB, 5000mAh 
","₱4,990"
"
                                        Apple iPhone 13                                    ","
                                        256GB Starlight                                        
","₱54,990"
"
                                        Samsung Galaxy A03 (4GB + 64GB) Black                                    ","
6.5-inch HD+, Unisoc T606, 64GB, 5000mAh 
","₱5,990"
"
                                        Samsung Galaxy A03 (4GB + 64GB) Blue                                    ","
6.5-inch HD+, Unisoc T606, 64GB, 5000mAh 
","₱5,990"
"
                                        Samsung Galaxy A03 (3GB + 32GB) Black                                    ","
6.5-inch HD+, Unisoc T606, 32GB, 5000mAh 
","₱4,990"
"
                                        Tecno Pova 3 Tech Silver                                    ","
6.9-inch Full HD+, MTK G88, 128GB, 7000mAh 
","₱8,999"
"
                                        Tecno Spark 8C (2GB + 64GB) Magnet Black                                    ","
6.6-inch HD+, Unisoc T606, 64GB, 5000mAh 
","₱4,599"
"
                                        Tecno Spark 8C (2GB + 64GB) Iris Purple                                    ","
6.6-inch HD+, Unisoc T606, 64GB, 5000mAh 
","₱4,599"
"
                                        Tecno Spark 8C (2GB + 64GB) Diamond Grey                                    ","
6.6-inch HD+, Unisoc T606, 64GB, 5000mAh 
","₱4,599"
"
                                        realme 9 4G Stargaze White                                    ","
6.4-inch FHD+, SD 680, 128GB, 5000mAh 
","₱13,999"
"
                                        Huawei nova Y70 Crystal Blue                                    ","
6.75-inch HD+, Kirin 710, 128GB, 6000mAh 
","₱8,499"
"
                                        Huawei nova Y70 Midnight Black                                    ","
6.75-inch HD+, Kirin 710, 128GB, 6000mAh 
","₱8,499"
"
                                        OPPO A16K Black                                    ","
6.52-inch HD, MTK Helio G35, 32GB, 4230mAh 
","₱6,199"
"
                                        OPPO A16K Blue                                    ","
6.52-inch HD, MTK Helio G35, 32GB, 4230mAh 
","₱6,199"
"
                                        realme C35 (4GB + 64GB) Glowing Green                                    ","
6.6-inch FHD, Unisoc T616, 64GB, 5000mAh 
","₱8,499"
"
                                        realme C35 (4GB + 64GB) Glowing Black                                    ","
6.6-inch FHD, Unisoc T616, 64GB, 5000mAh 
","₱8,499"
"
                                        Vivo Y01 Elegant Black                                    ","
6.51-inch HD+, Helio P35, 32GB, 5000mAh 
","₱5,499"
"
                                        Samsung Galaxy M53 5G Brown                                    ","
6.7-inch FHD+, Dimensity 900, 256GB, 5000mAh 
","₱29,990"
"
                                        Samsung Galaxy M53 5G Green                                    ","
6.7-inch FHD+, Dimensity 900, 256GB, 5000mAh 
","₱29,990"
"
                                        Samsung Galaxy M53 5G Blue                                    ","
6.7-inch FHD+, Dimensity 900, 256GB, 5000mAh 
","₱29,990"
"
                                        Xiaomi Redmi 10C (4GB + 128GB) Ocean Blue                                    ","
6.71-inch HD+, SD 680, 128GB, 5000mAh 
","₱7,599"
"
                                        Xiaomi Redmi 10C (4GB + 128GB) Mint Green                                    ","
6.71-inch HD+, SD 680, 128GB, 5000mAh 
","₱7,599"
"
                                        Xiaomi Redmi 10C (4GB + 64GB) Ocean Blue                                    ","
6.71-inch HD+, SD 680, 64GB, 5000mAh 
","₱6,699"
"
                                        Xiaomi 12 Pro Gray                                    ","
6.73-inch WQHD+, SD 8 Gen 1, 256GB, 4600mAh 
","₱48,999"
"
                                        Xiaomi 12 Pro Blue                                    ","
6.73-inch WQHD+, SD 8 Gen 1, 256GB, 4600mAh 
","₱48,999"
"
                                        Xiaomi 12 Purple                                    ","
6.28-inch Full HD+, SD 8 Gen 1, 256GB, 4500mAh 
","₱39,999"
"
                                        Xiaomi 12 Gray                                    ","
6.28-inch Full HD+, SD 8 Gen 1, 256GB, 4500mAh 
","₱39,999"
"
                                        Xiaomi 12 Blue                                    ","
6.28-inch Full HD+, SD 8 Gen 1, 256GB, 4500mAh 
","₱39,999"
"
                                        Apple iPhone 13 Pro Max                                    ","
                                        512GB Sierra Blue                                        
","₱88,990"
"
                                        Apple iPhone 13 Pro Max                                    ","
                                        512GB Graphite                                        
","₱88,990"
"
                                        Apple iPhone 13 Pro Max                                    ","
                                        256GB Sierra Blue                                        
","₱75,990"
"
                                        Samsung Galaxy S22 Ultra (12GB + 512GB) Burgundy                                    ","
6.8-inch Quad HD+, Snapdragon 895, 512GB, 5000mAh 
","₱80,990"
"
                                        Samsung Galaxy S22 Ultra (12GB + 256GB) Phantom White                                    ","
6.8-inch Quad HD+, Snapdragon 895, 256GB, 5000mAh 
","₱72,990"
"
                                        Samsung Galaxy S22 Ultra (12GB + 256GB) Green                                    ","
6.8-inch Quad HD+, Snapdragon 895, 256GB, 5000mAh 
","₱72,990"
"
                                        Samsung Galaxy S22 Ultra (12GB + 256GB) Phantom Black                                    ","
6.8-inch Quad HD+, Snapdragon 895, 256GB, 5000mAh 
","₱72,990"
"
                                        Apple iPhone 13 Pro                                    ","
                                        256GB Gold                                        
","₱68,990"
"
                                        Apple iPhone 13 Pro                                    ","
                                        256GB Graphite                                        
","₱68,990"
"
                                        Apple iPhone 13 Pro                                    ","
                                        128GB Sierra Blue                                        
","₱61,990"
"
                                        Apple iPhone 13 Pro                                    ","
                                        128GB Gold                                        
","₱61,990"
"
                                        Apple iPhone 13 Pro                                    ","
                                        128GB Graphite                                        
","₱61,990"
"
                                        Apple iPhone SE (PRODUCT)RED (3rd Gen)                                    ","
128GB Red 
","₱30,490"
"
                                        Apple iPhone SE (3rd Gen)                                    ","
128GB Starlight 
","₱30,490"
"
                                        Apple iPhone SE (PRODUCT)RED (3rd Gen)                                    ","
64GB Red 
","₱27,490"
"
                                        Apple iPhone SE (3rd Gen)                                    ","
64GB Starlight 
","₱27,490"
"
                                        Apple iPhone SE (3rd Gen)                                    ","
64GB Midnight 
","₱27,490"
"
                                        Apple iPhone 13 Pro Max                                    ","
256GB Alpine Green 
","₱75,990"
"
                                        Apple iPhone 13 Pro Max                                    ","
128GB Alpine Green 
","₱68,990"
"
                                        Apple iPhone 13 Pro                                    ","
256GB Alpine Green 
","₱68,990"
"
                                        Apple iPhone 13                                    ","
256GB Green 
","₱54,990"
"
                                        Samsung Galaxy A23 LTE Awesome White                                    ","
6.6-inch Full HD+, SD 680, 128GB, 5000mAh 
","₱12,990"
"
                                        Samsung Galaxy A23 LTE Awesome Black                                    ","
6.6-inch Full HD+, SD 680, 128GB, 5000mAh 
","₱12,990"
"
                                        Samsung Galaxy A33 5G (8GB + 256GB) Awesome Blue                                    ","
6.4-inch Full HD+, Exynos 1280, 256GB, 5000mAh 
","₱19,990"
"
                                        Samsung Galaxy A33 5G (8GB + 256GB) Awesome White                                    ","
6.4-inch Full HD+, Exynos 1280, 256GB, 5000mAh 
","₱19,990"
"
                                        Samsung Galaxy A33 5G (8GB + 256GB) Awesome Black                                    ","
6.4-inch Full HD+, Exynos 1280, 256GB, 5000mAh 
","₱19,990"
"
                                        Samsung Galaxy A13 (6GB + 128GB) Awesome Blue                                    ","
6.6-inch Full HD+, Exynos 850, 128GB, 5000mAh 
","₱10,990"
"
                                        Samsung Galaxy A13 (4GB + 128GB) Awesome Black                                    ","
6.6-inch Full HD+, Exynos 850, 128GB, 5000mAh 
","₱9,990"
"
                                        Samsung Galaxy A53 5G (8GB + 256GB) Blue                                    ","
6.5-inch Full HD+, Exynos 1280, 256GB, 5000mAh 
","₱23,490"
"
                                        Samsung Galaxy A53 5G (8GB + 256GB) Orange                                    ","
6.5-inch Full HD+, Exynos 1280, 256GB, 5000mAh 
","₱23,490"
"
                                        Samsung Galaxy A53 5G (8GB + 256GB) White                                    ","
6.5-inch Full HD+, Exynos 1280, 256GB, 5000mAh 
","₱23,490"
"
                                        Samsung Galaxy A53 5G (8GB + 256GB) Black                                    ","
6.5-inch Full HD+, Exynos 1280, 256GB, 5000mAh 
","₱23,490"
"
                                        Samsung Galaxy A53 5G (8GB + 128GB) Orange                                    ","
6.5-inch Full HD+, Exynos 1280, 128GB, 5000mAh 
","₱21,490"
"
                                        Samsung Galaxy S22+ (8GB + 256GB) Phantom Black                                    ","
6.6-inch Full HD+, Snapdragon 895, 256GB, 4500mAh 
","₱60,990"
"
                                        Samsung Galaxy S22+ (8GB + 256GB) Green                                    ","
6.6-inch Full HD+, Snapdragon 895, 256GB, 4500mAh 
","₱60,990"
"
                                        Samsung Galaxy S22+ (8GB + 128GB) Phantom White                                    ","
6.6-inch Full HD+, Snapdragon 895, 128GB, 4500mAh 
","₱56,990"
"
                                        Samsung Galaxy S22+ (8GB + 128GB) Phantom Black                                    ","
6.6-inch Full HD+, Snapdragon 895, 128GB, 4500mAh 
","₱56,990"
"
                                        Samsung Galaxy S22+ (8GB + 128GB) Pink Gold                                    ","
6.6-inch Full HD+, Snapdragon 895, 128GB, 4500mAh 
","₱56,990"
"
                                        Samsung Galaxy A03 (4GB + 128GB) Black                                    ","
6.5-inch HD+, Unisoc T606, 128GB, 5000mAh 
","₱6,990"
"
                                        Samsung Galaxy A03 (4GB + 128GB) Blue                                    ","
6.5-inch HD+, Unisoc T606, 128GB, 5000mAh 
","₱6,990"
"
                                        Samsung Galaxy A03 (4GB + 128GB) Red                                    ","
6.5-inch HD+, Unisoc T606, 128GB, 5000mAh 
","₱6,990"
"
                                        Samsung Galaxy S22 (8GB + 256GB) Phantom White                                    ","
6.1-inch Full HD+, Snapdragon 895, 256GB, 3700mAh 
","₱49,990"
"
                                        Samsung Galaxy S22 (8GB + 256GB) Pink Gold                                    ","
6.1-inch Full HD+, Snapdragon 895, 256GB, 3700mAh 
","₱49,990"
"
                                        Samsung Galaxy S22 (8GB + 128GB) Phantom White                                    ","
6.1-inch Full HD+, Snapdragon 895, 128GB, 3700mAh 
","₱45,990"
"
                                        Samsung Galaxy S22 Ultra (12GB + 512GB) Green                                    ","
6.8-inch Quad HD+, Snapdragon 895, 512GB, 5000mAh 
","₱80,990"
"
                                        Samsung Galaxy S22 Ultra (8GB + 128GB) Green                                    ","
6.8-inch Quad HD+, Snapdragon 895, 128GB, 5000mAh 
","₱68,990"
"
                                        Samsung Galaxy S22 Ultra (8GB + 128GB) Phantom Black                                    ","
6.8-inch Quad HD+, Snapdragon 895, 128GB, 5000mAh 
","₱68,990"
"
                                        Samsung Galaxy S22+ (8GB + 256GB) Phantom White                                    ","
6.6-inch Full HD+, Snapdragon 895, 256GB, 4500mAh 
","₱60,990"
"
                                        Xiaomi Redmi Note 11 (6GB + 128GB) Graphite Gray                                    ","
6.43-inch Full HD+, Snapdragon 680, 128GB, 5000mAh 
","₱9,999"
"
                                        Xiaomi Redmi Note 11 (6GB + 128GB) Twilight Blue                                    ","
6.43-inch Full HD+, Snapdragon 680, 128GB, 5000mAh 
","₱9,999"
"
                                        Samsung Galaxy S21 FE 5G (8GB + 256GB) Graphite                                    ","
6.4-inch Full HD+, Exynos 2100, 256GB, 4500mAh 
","₱37,990"
"
                                        realme 8i (6GB + 128GB) Stellar Purple                                    ","
6.6-inch Full HD+, Helio G96, 128GB, 5000mAh 
","₱10,990"
"
                                        Vivo Y15A (4GB + 64GB) Wave Green                                    ","
6.51-inch HD+, MTK Helio P35, 64GB, 5000mAh 
","₱7,799"
"
                                        Vivo Y15A (4GB + 64GB) Mystic Blue                                    ","
6.51-inch HD+, MTK Helio P35, 64GB, 5000mAh 
","₱7,799"
"
                                        Vivo Y15S (3GB + 32GB) Wave Green                                    ","
6.51-inch HD+, MTK Helio P35, 32GB, 5000mAh 
","₱6,199"
"
                                        Vivo Y15S (3GB + 32GB) Mystic Blue                                    ","
6.51-inch HD+, MTK Helio P35, 32GB, 5000mAh 
","₱6,199"
"
                                        Huawei Nova 9 (8GB + 256GB) Black                                    ","
6.57-inch Full HD+, SD 778G 4G, 256GB, 4300mAh 
","₱19,999"
"
                                        Apple iPhone 13                                    ","
                                        256GB Blue                                        
","₱54,990"
"
                                        Apple iPhone 13                                    ","
                                        256GB Pink                                        
","₱54,990"
"
                                        Apple iPhone 13                                    ","
                                        256GB Midnight                                        
","₱54,990"
"
                                        Apple iPhone 13 (PRODUCT)RED                                    ","
                                        128GB Red                                        
","₱47,990"
"
                                        Apple iPhone 13                                    ","
                                        128GB Midnight                                        
","₱47,990"
"
                                        Apple iPhone 13 mini                                    ","
                                        128GB Blue                                        
","₱45,990"
"
                                        Apple iPhone 13 mini                                    ","
                                        128GB Starlight                                        
","₱45,990"
"
                                        Samsung Galaxy A03s (4GB + 64GB) Blue                                    ","
6.5-inch HD+, MTK Helio P35, 64GB, 5000mAh 
","₱5,990"
"
                                        Samsung Galaxy A03s (4GB + 64GB) Black                                    ","
6.5-inch HD+, MTK Helio P35, 64GB, 5000mAh 
","₱5,990"
"
                                        Apple iPhone 12                                    ","
256GB Black 
","₱53,990"
"
                                        Apple iPhone 12                                    ","
64GB Blue 
","₱39,490"
"
                                        Apple iPhone 12 (PRODUCT)RED                                    ","
64GB Red 
","₱39,490"
"
                                        Apple iPhone 12                                    ","
64GB White 
","₱39,490"
"
                                        Apple iPhone 12                                    ","
64GB Black 
","₱39,490"
"
                                        Apple iPhone 12 mini                                    ","
64GB Blue 
","₱33,490"
"
                                        Apple iPhone 11 (PRODUCT)RED                                    ","
128GB Red 
","₱30,990"
"
                                        Apple iPhone 11 (PRODUCT) RED                                    ","
64GB Red 
","₱27,490"
"
                                        Oppo A16 (4GB + 64GB) Space Silver                                    ","
6.52-inch HD, MTK Helio G35, 64GB, 5000mAh 
","₱8,199"
"
                                        Huawei nova 8 Blush Gold                                    ","
6.57-inch Full HD+, Kirin 820E, 128GB, 3800mAh 
","₱19,999"
"
                                        Vivo V21 5G Dusk Blue                                    ","
6.44-inch Full HD+, MTK 800U, 128GB, 4000mAh 
","₱19,999"
"
                                        realme 8 (8GB + 128GB) Cyber Silver                                    ","
6.4-inch Full HD+, Helio G95, 128GB, 5000mAh 
","₱12,990"
"
                                        realme 8 (8GB + 128GB) Cyber Black                                    ","
6.4-inch Full HD+, Helio G95, 128GB, 5000mAh 
","₱12,990"
"
                                        realme C11 2021 (2GB + 32GB) Iron Grey                                    ","
6.5-inch HD+, MTK Helio G35, 32GB, 5000mAh 
","₱5,599"
"
                                        Huawei nova 7i Crush Green                                    ","
6.4-inch, Kirin 810, 128GB, 4200mAh 
","₱8,998"
"
                                        realme XT Pearl White                                    ","
6.4-inch, Qualcomm SDM712 Snapdragon 712, 4000mAH 
","₱10,998"
"
                                        Huawei Mate30 Pro Black                                    ","
6.53-inch, Kirin 990, 256GB, 4500mAh 
","₱35,998"
"
                                        OPPO A5 2020 Dazzling White                                    ","
6.5-inch HD+, Snapdragon 665, 4GB, 5000mAh 
","₱10,498"
"
                                        OPPO Reno2 F Sky White                                    ","
6.5-inch, Mediatek MT6771V Helio P70, 4000 mAh 
","₱14,990"
"
                                        OPPO Reno2 F Lake Green                                    ","
6.5-inch, Mediatek MT6771V Helio P70, 4000 mAh 
","₱14,990"
"
                                        OPPO A9 2020 Marine Green                                    ","
6.5-inch, Qualcomm SM6125, 128GB, 5000mAh 
","₱13,990"
"
                                        OPPO F11 Marble Green                                    ","
6.5-inch, Octa-core, 4000mAh 
","₱8,998"
"
                                        Samsung Galaxy A23 5G Light Blue                                    ","
6.6-inch FHD+, SD 695 5G, 128GB, 5000mAh 
","₱18,990"
"
                                        Samsung Galaxy A23 5G Orange                                    ","
6.6-inch FHD+, SD 695 5G, 128GB, 5000mAh 
","₱18,990"
"
                                        Samsung Galaxy A23 5G Black                                    ","
6.6-inch FHD+, SD 695 5G, 128GB, 5000mAh 
","₱18,990"
"
                                        Samsung Galaxy Z Flip4 (8GB + 128GB) Bora Purple                                    ","
6.7-inch Full HD+, SD 8+ Gen 1, 128GB, 3700mAh 
","₱58,990"
"
                                        Samsung Galaxy A13 5G (4GB + 128GB) Orange                                    ","
6.5-inch HD+, MTK 5G-C, 128GB, 5000mAh 
","₱13,990"
"
                                        Samsung Galaxy A13 5G (4GB + 128GB) Black                                    ","
6.5-inch HD+, MTK 5G-C, 128GB, 5000mAh 
","₱13,990"
"
                                        realme C30 Bamboo Green                                    ","
6.5-inch HD+, Unisoc T612, 32GB, 5000mAh 
","₱4,999"
"
                                        Vivo V21e Roman Black                                    ","
6.44-inch Full HD+, SD 720G, 128GB, 4000mAh 
","₱15,999"
"
                                        Xiaomi Redmi 10C (4GB + 128GB) Graphite Gray                                    ","
6.71-inch HD+, SD 680, 128GB, 5000mAh 
","₱7,599"
"
                                        Samsung Galaxy A03 (3GB + 32GB) Red                                    ","
6.5-inch HD+, Unisoc T606, 32GB, 5000mAh 
","₱4,990"
"
                                        Samsung Galaxy A13 (6GB + 128GB) Awesome Peach                                    ","
6.6-inch Full HD+, Exynos 850, 128GB, 5000mAh 
","₱10,990"
"
                                        Samsung Galaxy A13 (6GB + 128GB) Awesome Black                                    ","
6.6-inch Full HD+, Exynos 850, 128GB, 5000mAh 
","₱10,990"
"
                                        Samsung Galaxy A73 5G (8GB + 256GB) Mint                                    ","
6.7-inch Full HD+, SD 778G 5G, 256GB, 5000mAh 
","₱28,990"
"
                                        Xiaomi Redmi Note 11 Pro 5G Atlantic Blue                                    ","
6.67-inch Full HD+, SD 695, 128GB, 5000mAh 
","₱17,499"
"
                                        Nokia 105 2019 Charcoal Black                                    ","
1.77-inch, S30+, 4MB, 800mAh 
",₱990
"
                                        Samsung Galaxy S22+ (8GB + 256GB) Pink Gold                                    ","
6.6-inch Full HD+, Snapdragon 895, 256GB, 4500mAh 
","₱60,990"
"
                                        Samsung Galaxy A73 5G (8GB + 128GB) Gray                                    ","
6.7-inch Full HD+, SD 778G 5G, 128GB, 5000mAh 
","₱26,990"
"
                                        Xiaomi Redmi Note 11S Graphite Gray                                    ","
6.43-inch Full HD+, MTK G96, 128GB, 5000mAh 
","₱13,499"
"
                                        Samsung Galaxy A13 (4GB + 128GB) Awesome Blue                                    ","
6.6-inch Full HD+, Exynos 850, 128GB, 5000mAh 
","₱9,990"
"
                                        Samsung Galaxy A23 LTE Awesome Blue                                    ","
6.6-inch Full HD+, SD 680, 128GB, 5000mAh 
","₱12,990"
"
                                        Samsung Galaxy S21 FE 5G (8GB + 128GB) White                                    ","
6.4-inch Full HD+, Exynos 2100, 128GB, 4500mAh 
","₱34,990"
"
                                        Vivo V23E 5G Moonlit Shadow                                    ","
6.44-inch Full HD+, MTK D810, 128GB, 4050mAh 
","₱17,999"
"
                                        Vivo Y01 Sapphire Blue                                    ","
6.51-inch HD+, Helio P35, 32GB, 5000mAh 
","₱5,499"
"
                                        Samsung Galaxy A73 5G (8GB + 256GB) Gray                                    ","
6.7-inch Full HD+, SD 778G 5G, 256GB, 5000mAh 
","₱28,990"
"
                                        realme C25Y (4GB + 64GB) Glacier Blue                                    ","
6.5-inch HD+, Unisoc T618, 64GB, 5000mAh 
","₱6,999"
"
                                        realme 8i (6GB + 128GB) Space Black                                    ","
6.6-inch Full HD+, Helio G96, 128GB, 5000mAh 
","₱10,990"
"
                                        OPPO A96 Starry Black                                    ","
6.59-inch Full HD+, SD 680, 256GB, 5000mAh 
","₱15,999"
"
                                        Samsung Galaxy A73 5G (8GB + 128GB) Mint                                    ","
6.7-inch Full HD+, SD 778G 5G, 128GB, 5000mAh 
","₱26,990"
"
                                        Oppo A16 (4GB + 64GB) Pearl Blue                                    ","
6.52-inch HD, MTK Helio G35, 64GB, 5000mAh 
","₱8,199"
"
                                        Samsung Galaxy A73 5G (8GB + 256GB) White                                    ","
6.7-inch Full HD+, SD 778G 5G, 256GB, 5000mAh 
","₱28,990"
"
                                        Samsung Galaxy A23 LTE Awesome Peach                                    ","
6.6-inch Full HD+, SD 680, 128GB, 5000mAh 
","₱12,990"
"
                                        Samsung Galaxy A53 5G (8GB + 128GB) Black                                    ","
6.5-inch Full HD+, Exynos 1280, 128GB, 5000mAh 
","₱21,490"
"
                                        Samsung Galaxy S22 (8GB + 256GB) Phantom Black                                    ","
6.1-inch Full HD+, Snapdragon 895, 256GB, 3700mAh 
","₱49,990"
"
                                        Samsung Galaxy S22 (8GB + 128GB) Green                                    ","
6.1-inch Full HD+, Snapdragon 895, 128GB, 3700mAh 
","₱45,990"
"
                                        Samsung Galaxy A53 5G (8GB + 128GB) Blue                                    ","
6.5-inch Full HD+, Exynos 1280, 128GB, 5000mAh 
","₱21,490"
"
                                        realme 9 Pro 5G (8GB + 128GB) Sunrise Blue                                    ","
6.6-inch Full HD, SD 695 5G, 128GB, 5000mAh 
","₱16,990"
"
                                        Samsung Galaxy S22+ (8GB + 128GB) Green                                    ","
6.6-inch Full HD+, Snapdragon 895, 128GB, 4500mAh 
","₱56,990"
"
                                        Samsung Galaxy S22 Ultra (12GB + 256GB) Burgundy                                    ","
6.8-inch Quad HD+, Snapdragon 895, 256GB, 5000mAh 
","₱72,990"
"
                                        Vivo V23E 5G Sunshine Coast                                    ","
6.44-inch Full HD+, MTK D810, 128GB, 4050mAh 
","₱17,999"
"
                                        Samsung Galaxy S21+ 5G 256GB Phantom Silver                                    ","
6.7-inch Full HD+, Exynos 2100, 256GB, 4800mAh 
","₱57,990"
"
                                        OPPO A5 2020 Mirror Black                                    ","
6.5-inch HD+, Snapdragon 665, 5000mAh 
","₱10,498"
"
                                        Apple iPhone SE (3rd Gen)                                    ","
256GB Midnight 
","₱36,990"
"
                                        Apple iPhone SE (3rd Gen)                                    ","
128GB Midnight 
","₱30,490"
"
                                        realme 9 Pro 5G (8GB + 128GB) Aurora Green                                    ","
6.6-inch Full HD, SD 695 5G, 128GB, 5000mAh 
","₱16,990"
"
                                        Vivo Y21T Pearl White                                    ","
6.51-inch HD+, SD 680, 128GB, 5000mAh 
","₱10,999"
"
                                        Samsung Galaxy S21 FE 5G (8GB + 128GB) Graphite                                    ","
6.4-inch Full HD+, Exynos 2100, 128GB, 4500mAh 
","₱34,990"
"
                                        Vivo Y76 5G (8GB + 128GB) Cosmic Aura                                    ","
6.58-inch Full HD+, Dimensity 700 5G, 128GB, 4100mAh 
","₱14,999"
"
                                        Vivo Y76 5G (8GB + 128GB) Midnight Space                                    ","
6.58-inch Full HD+, Dimensity 700 5G, 128GB, 4100mAh 
","₱14,999"
"
                                        Apple iPhone 13 Pro Max                                    ","
                                        128GB Gold                                        
","₱68,990"
"
                                        Apple iPhone 13 (PRODUCT)RED                                    ","
                                        512GB Red                                        
","₱68,990"
"
                                        realme GT Master Edition (8GB + 128GB) Daybreak Blue                                    ","
6.43-inch Full HD+, SD 778G 5G, 128GB, 4300mAh 
","₱18,990"
"
                                        Vivo V21 5G Sunset Dazzle                                    ","
6.44-inch Full HD+, MTK 800U, 128GB, 4000mAh 
","₱19,999"
"
                                        Apple iPhone 12                                    ","
64GB Purple 
","₱39,990"
"
                                        OPPO A92 Shining White                                    ","
6.5-inch IPS LCD Full HD+, SDM 665, 8GB, 5000mAh 
","₱13,990"
"
                                        Huawei P50 Cocoa Gold                                    ","
6.5-inch FHD+, SD 888 4G, 256GB, 4100mAh 
","₱39,999"
"
                                        Huawei Mate Xs 2 White                                    ","
7.8-inches OLED, SD 888 4G, 512GB, 4600mAh 
","₱99,999"
"
                                        Apple iPhone 11                                    ","
64GB Purple 
","₱27,490"
"
                                        Apple iPhone 13 Pro                                    ","
                                        512GB Gold                                        
","₱82,490"
"
                                        Apple iPhone 13 Pro                                    ","
                                        512GB Graphite                                        
","₱82,490"
"
                                        Huawei P50 Pro Golden Black                                    ","
6.6-inch Full HD+, SD 888 4G, 256GB, 4360mAh 
","₱45,999"
"
                                        Samsung Galaxy A13 (4GB + 128GB) Awesome Peach                                    ","
6.6-inch Full HD+, Exynos 850, 128GB, 5000mAh 
","₱9,990"
"
                                        Apple iPhone 13 mini                                    ","
                                        256GB Pink                                        
","₱51,990"
"
                                        realme C35 (4GB + 128GB) Glowing Black                                    ","
6.6-inch FHD, Unisoc T616, 128GB, 5000mAh 
","₱9,499"
"
                                        Samsung Galaxy S22 Ultra (12GB + 512GB) Phantom Black                                    ","
6.8-inch Quad HD+, Snapdragon 895, 512GB, 5000mAh 
","₱80,990"
"
                                        Apple iPhone 13 (PRODUCT)RED                                    ","
                                        256GB Red                                        
","₱54,990"
"
                                        Apple iPhone 13 mini                                    ","
                                        256GB Midnight                                        
","₱51,990"
"
                                        Samsung Galaxy S22 (8GB + 128GB) Phantom Black                                    ","
6.1-inch Full HD+, Snapdragon 895, 128GB, 3700mAh 
","₱45,990"
"
                                        Samsung Galaxy S22 (8GB + 128GB) Pink Gold                                    ","
6.1-inch Full HD+, Snapdragon 895, 128GB, 3700mAh 
","₱45,990"
"
                                        Samsung Galaxy S22 Ultra (12GB + 512GB) Phantom White                                    ","
6.8-inch Quad HD+, Snapdragon 895, 512GB, 5000mAh 
","₱80,990"
"
                                        Samsung Galaxy A73 5G (8GB + 128GB) White                                    ","
6.7-inch Full HD+, SD 778G 5G, 128GB, 5000mAh 
","₱26,990"
"
                                        Samsung Galaxy S21 FE 5G (8GB + 128GB) Olive                                    ","
6.4-inch Full HD+, Exynos 2100, 128GB, 4500mAh 
","₱34,990"
"
                                        OPPO Reno6 5G Stellar Black                                    ","
6.43-inch Full HD, Dimensity 900U, 128GB, 4300mAh 
","₱23,999"
"
                                        OPPO Reno5 4G Starry Black                                    ","
6.43-inch HD Screen, Snapdragon 720G, 128GB, 4210mAH 
","₱18,999"
"
                                        OPPO A96 Pearl Pink                                    ","
6.59-inch Full HD+, SD 680, 256GB, 5000mAh 
","₱15,999"
"
                                        Xiaomi Redmi 10C (4GB + 64GB) Graphite Gray                                    ","
6.71-inch HD+, SD 680, 64GB, 5000mAh 
","₱6,699"
"
                                        OPPO Reno7 Z 5G Rainbow Spectrum                                    ","
6.43-inch Full HD, SD 695, 128GB, 4500mAh 
","₱19,999"
"
                                        OPPO Reno7 5G Startrails Blue                                    ","
6.43-inch Full HD, Dimensity 900, 256GB, 4500mAh 
","₱23,999"
"
                                        Xiaomi Redmi Note 11 Pro 5G Polar White                                    ","
6.67-inch Full HD+, SD 695, 128GB, 5000mAh 
","₱17,499"
"
                                        Panasonic KX TG6811 CX5                                     ","
Digital Cordless Phone with 1 Handset 
","₱2,890"
"
                                        Panasonic KX TG6812CX5                                    ","
Cordless Telephone with Twin Handset 
","₱4,490"
"
                                        Panasonic KX TG2712CX5                                    ","
Cordless Telephone with Twin Handset 
","₱3,890"
"
                                        Panasonic KX TG2711CX5                                    ","
Cordless Telephone with Single Handset 
","₱2,390"
"
                                        Samsung Galaxy S22 Ultra (8GB + 128GB) Burgundy                                    ","
6.8-inch Quad HD+, Snapdragon 895, 128GB, 5000mAh 
","₱68,990"
"
                                        Apple iPhone 13 Pro Max                                    ","
                                        1TB Sierra Blue                                        
","₱102,990"
"
                                        Samsung Galaxy S21 FE 5G (8GB + 256GB) Lavender                                    ","
6.4-inch Full HD+, Exynos 2100, 256GB, 4500mAh 
","₱37,990"
"
                                        Samsung Galaxy S21 FE 5G (8GB + 256GB) Olive                                    ","
6.4-inch Full HD+, Exynos 2100, 256GB, 4500mAh 
","₱37,990"
"
                                        Samsung Galaxy S21 FE 5G (8GB + 128GB) Lavender                                    ","
6.4-inch Full HD+, Exynos 2100, 128GB, 4500mAh 
","₱34,990"
"
                                        Apple iPhone 13 mini                                    ","
                                        512GB Midnight                                        
","₱64,990"
"
                                        Apple iPhone 13 mini                                    ","
                                        256GB Blue                                        
","₱51,990"
"
                                        Apple iPhone 13 mini                                    ","
                                        128GB Midnight                                        
","₱45,990"
"
                                        Apple iPhone 13                                    ","
                                        512GB Blue                                        
","₱68,990"
"
                                        Vivo Y33s (8GB + 128GB) Midday Dream                                    ","
6.58-inch Full HD+, Helio G80, 128GB, 5000mAh 
","₱12,999"
"
                                        Huawei nova 7 Midsummer Purple                                    ","
6.53-inch OLED, Kirin 985, 256GB, 4000mAh 
","₱26,990"
"
                                        OPPO F11 Pro Green                                    ","
6.5-inch Full HD+, MTK P70, 4000 mAh 
","₱10,998"
"
                                        OPPO Reno 10x Zoom Ocean Green                                    ","
                                        6.6-inch, Qualcomm Snapdragon 855, 4065 mAh                                        
","₱35,998"
"
                                        Apple iPhone 13                                    ","
                                        512GB Midnight                                        
","₱68,990"
"
                                        Samsung Galaxy M52 5G (8GB + 128GB) Black                                    ","
6.7-inch Full HD+, SD 778G, 128GB, 5000mAh 
","₱22,990"
"
                                        Huawei Nova 8i Interstellar Blue                                    ","
6.67-inch HD, Snapdragon 662, 128GB, 4200mAh 
","₱13,999"
"
                                        Xiaomi Redmi 9A (2GB + 32GB) Sky Blue                                    ","
6.53-inch HD, MTK Helio G25, 32GB, 5000mAh 
","₱4,799"
"
                                        Apple iPhone 12 Pro                                    ","
256GB Graphite 
","₱67,980"
"
                                        OPPO F11 Fluorite Purple                                    ","
6.5-inch, Octa-core, 4000mAh 
","₱8,998"
"
                                        OPPO Reno 10x Zoom Jet Black                                    ","
                                        6.6-inch, Qualcomm Snapdragon 855, 4065 mAh                                        
","₱35,998"
"
                                        Huawei P50 Pro Cocoa Gold                                    ","
6.6-inch Full HD+, SD 888 4G, 256GB, 4360mAh 
","₱45,999"
"
                                        Huawei P50 Pocket White                                    ","
6.9-inch Full HD+, SD 888 4G, 256GB, 4000mAh 
","₱59,999"
"
                                        OPPO A55 (4GB + 64GB) Rainbow Blue                                    ","
6.51-inch HD, MTK Helio G35, 64GB, 5000mAh 
","₱9,999"
"
                                        Huawei Nova 8i Starry Black                                    ","
6.67-inch HD, Snapdragon 662, 128GB, 4200mAh 
","₱13,999"
"
                                        realme C21Y (4GB + 64GB) Cross Black                                    ","
6.5-inch HD+, MTK Helio G35, 64GB, 5000mAh 
","₱6,490"
"
                                        Samsung Galaxy S21 FE 5G (8GB + 256GB) White                                    ","
6.4-inch Full HD+, Exynos 2100, 256GB, 4500mAh 
","₱37,990"
"
                                        Apple iPhone 11 Pro                                    ","
64GB Space Gray 
","₱58,990"
"
                                        realme 5 Pro 4GB+128GB Crystal Green                                    ","
6.3-inch, Octa-Core, 4035mAh 
","₱11,498"
"
                                        OPPO Reno8 5G Shimmer Black                                    ","
6.4-inch FHD+, Dimensity 1300, 256GB, 4500mAh 
","₱27,999"
"
                                        Huawei nova 9 SE Pearl White                                    ","
6.78-inch Full HD+, SD 680, 128GB, 4000mAh 
","₱13,999"
"
                                        realme Narzo 50 5G (6GB + 128GB) Hyper Black                                    ","
6.6-inch FHD+, Dimensity 810 5G, 128GB, 5000mAh 
","₱12,999"
"
                                        realme Narzo 50A (4GB + 128GB) Dark Green                                    ","
6.5-inch HD+, Helio G85, 128GB, 6000mAh 
","₱7,499"
"
                                        realme Narzo 50 4G (6GB + 128GB) Speed Black                                    ","
6.6-inch Full HD+, Helio G96, 128GB, 5000mAh 
","₱8,999"
"
                                        realme C30 Denim Black                                    ","
6.5-inch HD+, Unisoc T612, 32GB, 5000mAh 
","₱4,999"
"
                                        Tecno Spark 8C (4GB + 128GB) Turquoise Cyan                                    ","
6.6-inch HD+, Unisoc T606, 128GB, 5000mAh 
","₱5,999"
"
                                        Tecno Spark 8C (4GB + 128GB) Iris Purple                                    ","
6.6-inch HD+, Unisoc T606, 128GB, 5000mAh 
","₱5,999"
"
                                        Tecno Pop 6 Lime Green                                    ","
6.1-inch HD+, MTK 6739 WA, 32GB, 5000mAh 
","₱3,999"
"
                                        Tecno Pop 6 Deep Sea                                    ","
6.1-inch HD+, MTK 6739 WA, 32GB, 5000mAh 
","₱3,999"
"
                                        Xiaomi Redmi 10A Sky Blue                                    ","
6.53-inch HD+, MTK Helio G25, 64GB, 5000mAh 
","₱5,699"
"
                                        Xiaomi Redmi 10A Graphite Gray                                    ","
6.53-inch HD+, MTK Helio G25, 64GB, 5000mAh 
","₱5,699"
"
                                        realme 9 4G Meteor Black                                    ","
6.4-inch FHD+, SD 680, 128GB, 5000mAh 
","₱13,999"
"
                                        Apple iPhone 13                                    ","
128GB Green 
","₱47,990"
"
                                        Samsung Galaxy A33 5G (8GB + 256GB) Awesome Peach                                    ","
6.4-inch Full HD+, Exynos 1280, 256GB, 5000mAh 
","₱19,990"
"
                                        Samsung Galaxy A53 5G (8GB + 128GB) White                                    ","
6.5-inch Full HD+, Exynos 1280, 128GB, 5000mAh 
","₱21,490"
"
                                        Xiaomi Redmi Note 11S Twilight Blue                                    ","
6.43-inch Full HD+, MTK G96, 128GB, 5000mAh 
","₱13,499"
"
                                        Vivo Y21T Midnight Blue                                    ","
6.51-inch HD+, SD 680, 128GB, 5000mAh 
","₱10,999"
"
                                        Xiaomi 11T (8GB + 256GB) Celestial Blue                                    ","
6.67-inch Full HD+, MTK D1200-Ultra, 256GB, 5000mAh 
","₱24,999"
"
                                        Apple iPhone 13                                    ","
                                        128GB Blue                                        
","₱47,990"
"
                                        Apple iPhone 13                                    ","
                                        128GB Pink                                        
","₱47,990"
"
                                        Apple iPhone 13                                    ","
                                        128GB Starlight                                        
","₱47,990"
"
                                        Samsung Galaxy A12 6GB + 128GB Black                                    ","
6.5-inch HD+, Octa-Core MediaTek 6765, 128GB, 5,000 mAh 
","₱9,990"
"
                                        OPPO A57 Glowing Green                                    ","
6.56-inch HD+, Helio G35, 128GB, 5000mAh 
","₱11,199"
"
                                        Xiaomi 12 Lite (8GB + 128GB) Black                                    ","
6.55-inch FHD+, SD 778 5G, 128GB, 4300mAh 
","₱21,999"
"
                                        realme Narzo 50 Pro 5G (8GB + 128GB) Hyper Black                                    ","
6.4-inch FHD+, Dimensity 920 5G, 128GB, 5000mAh 
","₱15,999"
"
                                        Samsung Galaxy Z Flip4 (8GB + 128GB) Pink Gold                                    ","
6.7-inch Full HD+, SD 8+ Gen 1, 128GB, 3700mAh 
","₱58,990"
"
                                        realme C30 Lake Blue                                    ","
6.5-inch HD+, Unisoc T612, 32GB, 5000mAh 
","₱4,999"
"
                                        Samsung Galaxy M33 5G Brown                                    ","
6.6-inch Full HD+, Exynos 1280, 128GB, 5000mAh 
","₱15,490"
"
                                        Samsung Galaxy M33 5G Green                                    ","
6.6-inch Full HD+, Exynos 1280, 128GB, 5000mAh 
","₱15,490"
"
                                        Samsung Galaxy M23 5G Orange Copper                                    ","
6.6-inch Full HD+, SD 750G, 128GB, 5000mAh 
","₱13,990"
"
                                        Samsung Galaxy M23 5G Deep Green                                    ","
6.6-inch Full HD+, SD 750G, 128GB, 5000mAh 
","₱13,990"
"
                                        Samsung Galaxy M23 5G Light Blue                                    ","
6.6-inch Full HD+, SD 750G, 128GB, 5000mAh 
","₱13,990"
"
                                        Vivo V21e Diamond Flare                                    ","
6.44-inch Full HD+, SD 720G, 128GB, 4000mAh 
","₱15,999"
"
                                        Vivo V20 Sunset Melody                                    ","
6.44-inch Full HD+, Qualcomm Snapdragon 720G, 128GB, 4000mAh 
","₱13,999"
"
                                        Vivo V20 Midnight Jazz                                    ","
6.44-inch Full HD+, Qualcomm Snapdragon 720G, 128GB, 4,000 mAh 
","₱13,999"
"
                                        Vivo X50 Frost Blue                                    ","
6.56-inch Full HD+, Snapdragon 730, 128GB, 4200mAh 
","₱17,999"
"
                                        Vivo X50 Glaze Black                                    ","
6.56-inch Full HD+, Snapdragon 730, 128GB, 4200mAh 
","₱17,999"
"
                                        Huawei nova Y70 Pearl White                                    ","
6.75-inch HD+, Kirin 710, 128GB, 6000mAh 
","₱8,499"
"
                                        realme 8 5G (8GB + 128GB) Supersonic Blue                                    ","
6.5-inch HD+, MTK Dimensity 700 5G, 128GB, 5000mAh 
","₱11,990"
"
                                        OPPO Reno6 Z 5G Aurora Green                                    ","
6.43-inch Full HD, Dimensity 800U, 128GB, 4310mAh 
","₱17,999"
"
                                        realme 8 5G (8GB + 128GB) Supersonic Black                                    ","
6.5-inch HD+, MTK Dimensity 700 5G, 128GB, 5000mAh 
","₱11,990"
"
                                        Samsung Galaxy A12 6GB + 128GB Blue                                    ","
6.5-inch HD+, Octa-Core MediaTek 6765, 128GB, 5,000 mAh 
","₱9,990"
"
                                        Tecno Pop 5 LTE Ice Blue                                    ","
6.52-inch HD+, Unisoc SC9863, 32GB, 5000mAh 
","₱4,199"
"
                                        Samsung Galaxy A33 5G (8GB + 128GB) Awesome Peach                                    ","
6.4-inch Full HD+, Exynos 1280, 128GB, 5000mAh 
","₱17,990"
"
                                        Samsung Galaxy A33 5G (8GB + 128GB) Awesome White                                    ","
6.4-inch Full HD+, Exynos 1280, 128GB, 5000mAh 
","₱17,990"
"
                                        Samsung Galaxy A53 5G (6GB + 128GB) Black                                    ","
6.5-inch Full HD+, Exynos 1280, 128GB, 5000mAh 
","₱20,490"
"
                                        Tecno Pop 5 LTE Deepsea Luster                                    ","
6.52-inch HD+, Unisoc SC9863, 32GB, 5000mAh 
","₱4,199"
"
                                        Samsung Galaxy A33 5G (8GB + 128GB) Awesome Blue                                    ","
6.4-inch Full HD+, Exynos 1280, 128GB, 5000mAh 
","₱17,990"
"
                                        Samsung Galaxy A33 5G (8GB + 128GB) Awesome Black                                    ","
6.4-inch Full HD+, Exynos 1280, 128GB, 5000mAh 
","₱17,990"
"
                                        realme C25Y (4GB + 64GB) Metal Grey                                    ","
6.5-inch HD+, Unisoc T618, 64GB, 5000mAh 
","₱6,999"
"
                                        realme C11 2021 (2GB + 32GB) Lake Blue                                    ","
6.5-inch HD+, MTK Helio G35, 32GB, 5000mAh 
","₱5,599"
"
                                        OPPO Reno6 Z 5G Stellar Black                                    ","
6.43-inch Full HD, Dimensity 800U, 128GB, 4310mAh 
","₱17,999"
"
                                        OPPO A15 Fancy White                                    ","
6.52-inch HD, MediaTek P35, 32GB, 4230mAh 
","₱6,499"
"
                                        Apple iPhone 12                                    ","
128GB Blue 
","₱42,490"
"
                                        Apple iPhone 12                                    ","
128GB Black 
","₱42,490"
"
                                        OPPO A57 Glowing Green                                    ","
6.56-inch HD, MTK Helio G35, 64GB, 5000mAh 
","₱9,299"
"
                                        OPPO A57 Glowing Black                                    ","
6.56-inch HD, MTK Helio G35, 64GB, 5000mAh 
","₱9,299"
"
                                        Apple iPhone 13 Pro                                    ","
128GB Alpine Green 
","₱61,990"
"
                                        realme 9 Pro+ 5G (8GB + 256GB) Aurora Green                                    ","
6.4-inch Full HD, Dimensity 920 5G, 256GB, 4500mAh 
","₱23,990"
"
                                        realme 9 Pro+ 5G (8GB + 256GB) Sunrise Blue                                    ","
6.4-inch Full HD, Dimensity 920 5G, 256GB, 4500mAh 
","₱23,990"
"
                                        Apple iPhone 13 mini                                    ","
                                        128GB Pink                                        
","₱45,990"
"
                                        Samsung A52s 5G (8GB + 128GB) Awesome White                                    ","
6.5-inch Full HD+, SD 778G 5G, 128GB, 4500mAh 
","₱19,990"
"
                                        Samsung Galaxy A52 (8GB + 128GB) Awesome White                                    ","
6.5-inch Full HD+, SD 720G 4G, 128GB, 4500mAh 
","₱15,490"
"
                                        Apple iPhone 12 (PRODUCT)RED                                    ","
128GB Red 
","₱42,490"
"
                                        Huawei P50 Golden Black                                    ","
6.5-inch FHD+, SD 888 4G, 256GB, 4100mAh 
","₱39,999"
"
                                        Huawei Mate Xs 2 Black                                    ","
7.8-inches OLED, SD 888 4G, 512GB, 4600mAh 
","₱99,999"
"
                                        realme 9 4G Sunburst Gold                                    ","
6.4-inch FHD+, SD 680, 128GB, 5000mAh 
","₱13,999"
"
                                        Apple iPhone 11                                    ","
128GB Purple 
","₱30,990"
"
                                        Samsung Galaxy A11 Black                                    ","
6.4-inch HD+, Octa-core, 32GB, 4000 mAh 
","₱4,990"
"
                                        Samsung Galaxy A11 Blue                                    ","
6.4-inch HD+, Octa-Core, 32GB, 4000mAh 
","₱4,990"
"
                                        Xiaomi Redmi Note 11 Pro 5G Graphite Gray                                    ","
6.67-inch Full HD+, SD 695, 128GB, 5000mAh 
","₱17,499"
"
                                        realme 9i Prism Blue                                    ","
6.6-inch FHD+, SD 680, 128GB, 5000mAh 
","₱11,990"
"
                                        Huawei P50 Pocket Premium Gold                                    ","
6.9-inch Full HD+, SD 888 4G, 512GB, 4000mAh 
","₱75,999"
"
                                        Apple iPhone SE (3rd Gen)                                    ","
256GB Starlight 
","₱36,990"
"
                                        Vivo Y73 Diamond Flare                                    ","
6.44-inch Full HD+, Helio G95, 128GB, 4000mAh 
","₱13,999"
"
                                        Vivo Y73 Roman Black                                    ","
6.44-inch Full HD+, Helio G95, 128GB, 4000mAh 
","₱13,999"
"
                                        Apple iPhone 13 Pro Max                                    ","
512GB Alpine Green 
","₱88,990"
"
                                        Apple iPhone 13 Pro Max                                    ","
                                        128GB Silver                                        
","₱68,990"
"
                                        Samsung Galaxy S22 (8GB + 256GB) Green                                    ","
6.1-inch Full HD+, Snapdragon 895, 256GB, 3700mAh 
","₱49,990"
"
                                        Samsung Galaxy S22 Ultra (8GB + 128GB) Phantom White                                    ","
6.8-inch Quad HD+, Snapdragon 895, 128GB, 5000mAh 
","₱68,990"
"
                                        Apple iPhone 13 mini                                    ","
256GB Green 
","₱51,990"
"
                                        OPPO A76 Glowing Blue                                    ","
6.56-inch HD+, SD 680, 128GB, 5000mAh 
","₱11,999"
"
                                        OPPO A76 Glowing Black                                    ","
6.56-inch HD+, SD 680, 128GB, 5000mAh 
","₱11,999"
"
                                        Vivo V23 5G Sunshine Gold                                    ","
6.44-inch Full HD+, MTK D920, 256GB, 4200mAh 
","₱27,999"
"
                                        Oppo A95 Glowing Starry Black                                    ","
6.43-inch Full HD+, Snapdragon 662, 128GB, 5000mAh 
","₱15,999"
"
                                        Oppo A95 Glowing Rainbow Silver                                    ","
6.43-inch Full HD+, Snapdragon 662, 128GB, 5000mAh 
","₱15,999"
"
                                        OPPO A55 (4GB + 64GB) Starry Black                                    ","
6.51-inch HD, MTK Helio G35, 64GB, 5000mAh 
","₱9,999"
"
                                        Xiaomi 11 Lite 5G NE (8GB + 128GB) Truffle Black                                    ","
6.55-inch Full HD+, SD 778G, 128GB, 4250mAh 
","₱18,999"
"
                                        Xiaomi 11T (8GB + 256GB) Moonlight White                                    ","
6.67-inch Full HD+, MTK D1200-Ultra, 256GB, 5000mAh 
","₱24,999"
"
                                        Xiaomi 11T (8GB + 256GB) Meteorite Gray                                    ","
6.67-inch Full HD+, MTK D1200-Ultra, 256GB, 5000mAh 
","₱24,999"
"
                                        realme GT Master Edition (8GB + 128GB) Voyager Grey                                    ","
6.43-inch Full HD+, SD 778G 5G, 128GB, 4300mAh 
","₱18,990"
"
                                        Samsung A52s 5G (8GB + 128GB) Awesome Mint                                    ","
6.5-inch Full HD+, SD 778G 5G, 128GB, 4500mAh 
","₱19,990"
"
                                        Samsung Galaxy A22 LTE Violet                                    ","
6.4-inch Full HD+, Helio G80, 128GB, 5000mAh 
","₱11,990"
"
                                        Samsung Galaxy A22 LTE Black                                    ","
6.4-inch Full HD+, Helio G80, 128GB, 5000mAh 
","₱11,990"
"
                                        OPPO A54 Crystal Black                                    ","
6.51-inch HD, MTK P35, 128GB, 5000mAh 
","₱9,499"
"
                                        Samsung Galaxy A72 Awesome Black                                    ","
6.7-inch Full HD+, SD720G, 256GB, 5000mAh 
","₱23,990"
"
                                        OPPO A94 Fluid Black                                    ","
6.43-inch AMOLED, MTK P95, 128GB, 4310mAh 
","₱13,999"
"
                                        Samsung Galaxy S21+ 5G 128GB Phantom Black                                    ","
6.7-inch Full HD+, Exynos 2100, 128GB, 4800mAh 
","₱54,990"
"
                                        OPPO A15s Mystery Blue                                    ","
6.52-inch HD Screen, MediaTek Helio P35, 64GB, 4230mAH 
","₱4,998"
"
                                        OPPO A15s Dynamic Black                                    ","
6.52-inch HD Screen, MediaTek Helio P35, 64GB, 4230mAH 
","₱4,998"
"
                                        Samsung Galaxy A02s Blue                                    ","
6.5-inch HD+, Octa-Core SDM450, 64GB, 5,000 mAh 
","₱4,498"
"
                                        realme 9i Prism Black                                    ","
6.6-inch FHD+, SD 680, 128GB, 5000mAh 
","₱11,990"
"
                                        Xiaomi Redmi 10C (4GB + 64GB) Mint Green                                    ","
6.71-inch HD+, SD 680, 64GB, 5000mAh 
","₱6,699"
"
                                        Apple iPhone 13 mini                                    ","
128GB Green 
","₱45,990"
"
                                        OPPO A12 (4GB + 64GB) Flowing Silver                                    ","
6.22-inch HD, Helio P35, 64GB, 4230mAh 
","₱6,990"
"
                                        realme 5 Crystal Purple                                    ","
6.5-inch HD, SD 665, 64GB, 5000mAh 
","₱5,998"
"
                                        realme 5 Crystal Blue                                    ","
6.5-inch HD, SD 665, 64GB, 5000mAh 
","₱5,998"
"
                                        Vivo V15 Pro Topaz Blue                                    ","
6.39-inch Full HD+, SD 675, 128GB, 3700mAh 
","₱12,999"
"
                                        OPPO Reno7 Z 5G Cosmic Black                                    ","
6.43-inch Full HD, SD 695, 128GB, 4500mAh 
","₱19,999"
"
                                        OPPO Reno7 5G Starry Black                                    ","
6.43-inch Full HD, Dimensity 900, 256GB, 4500mAh 
","₱23,999"
"
                                        Panasonic KX TGB110PHB                                    ","
Cordless Telephone with Single Handset 
","₱1,790"
"
                                        ASUS ROG 5S Classic (16GB + 512GB) Black                                    ","
6.78-inch Full HD, SD 888+, 512GB, 6000mAh 
","₱49,995"
"
                                        Apple iPhone 11 Pro Max                                    ","
64GB Gold 
","₱65,990"
"
                                        Apple iPhone 11 Pro                                    ","
512GB Midnight Green 
","₱81,990"
"
                                        Motorola Razr 5G Dark Gray                                    ","
6.2-inch HD+, Snapdragon 765G, 256GB, 2800mAh 
","₱80,495"
"
                                        Xiaomi 11 Lite 5G NE (8GB + 128GB) Bubblegum Blue                                    ","
6.55-inch Full HD+, SD 778G, 128GB, 4250mAh 
","₱18,999"
"
                                        Xiaomi 11T Pro (8GB + 256GB) Celestial Blue                                    ","
6.67-inch Full HD+, SD 888, 256GB, 5000mAh 
","₱29,999"
"
                                        Samsung Galaxy M32 Blue                                    ","
6.4-inch Full HD+, Helio 680, 128GB, 5000mAh 
","₱13,490"
"
                                        Xiaomi 11T (8GB + 128GB) Moonlight White                                    ","
6.67-inch Full HD+, MTK D1200-Ultra, 128GB, 5000mAh 
","₱21,999"
"
                                        Xiaomi 11T (8GB + 128GB) Meteorite Gray                                    ","
6.67-inch Full HD+, MTK D1200-Ultra, 128GB, 5000mAh 
","₱21,999"
"
                                        Samsung Galaxy A72 Awesome White                                    ","
6.7-inch Full HD+, SD 720G, 256GB, 5000mAh 
","₱23,990"
"
                                        Samsung A52s 5G (8GB + 128GB) Awesome Violet                                    ","
6.5-inch Full HD+, SD 778G 5G, 128GB, 4500mAh 
","₱19,990"
"
                                        Samsung A52s 5G (8GB + 128GB) Awesome Black                                    ","
6.5-inch Full HD+, SD 778G 5G, 128GB, 4500mAh 
","₱19,990"
"
                                        Samsung A52s 5G (8GB + 256GB) Awesome White                                    ","
6.5-inch Full HD+, SD 778G 5G, 256GB, 4500mAh 
","₱23,990"
"
                                        Samsung A52s 5G (8GB + 256GB) Awesome Violet                                    ","
6.5-inch Full HD+, SD 778G 5G, 256GB, 4500mAh 
","₱21,990"
"
                                        Samsung A52s 5G (8GB + 256GB) Awesome Black                                    ","
6.5-inch Full HD+, SD 778G 5G, 256GB, 4500mAh 
","₱21,990"
"
                                        realme C25Y (4GB + 128GB) Metal Grey                                    ","
6.5-inch HD+, Unisoc T618, 128GB, 5000mAh 
","₱8,990"
"
                                        realme C25Y (4GB + 128GB) Glacier Blue                                    ","
6.5-inch HD+, Unisoc T618, 128GB, 5000mAh 
","₱8,990"
"
                                        Apple iPhone 13 Pro Max                                    ","
                                        1TB Graphite                                        
","₱102,990"
"
                                        Apple iPhone 13 Pro Max                                    ","
                                        256GB Silver                                        
","₱75,990"
"
                                        Apple iPhone 13 Pro                                    ","
                                        128GB Silver                                        
","₱61,990"
"
                                        Apple iPhone 12 mini                                    ","
256GB White 
","₱45,480"
"
                                        Samsung Galaxy M12 (4GB + 64GB) Green                                    ","
6.5-inch HD+, Exynos 850, 64GB, 5000mAh 
","₱7,490"
"
                                        Samsung Galaxy M52 5G (8GB + 128GB) Blue                                    ","
6.7-inch Full HD+, SD 778G, 128GB, 5000mAh 
","₱22,990"
"
                                        Samsung Galaxy M52 5G (8GB + 128GB) White                                    ","
6.7-inch Full HD+, SD 778G, 128GB, 5000mAh 
","₱22,990"
"
                                        Samsung Galaxy A52 (8GB + 128GB) Awesome Black                                    ","
6.5-inch Full HD+, SD 720G 4G, 128GB, 4500mAh 
","₱15,490"
"
                                        Xiaomi Redmi 9A (2GB + 32GB) Peacock Green                                    ","
6.53-inch HD, MTK Helio G25, 32GB, 5000mAh 
","₱4,799"
"
                                        realme C21Y (4GB + 64GB) Cross Blue                                    ","
6.5-inch HD+, MTK Helio G35, 64GB, 5000mAh 
","₱6,490"
"
                                        Xiaomi Redmi 9C (3GB + 64GB) Gray                                    ","
6.53-inch HD, MTK Helio G35, 64GB, 5000mAh 
","₱5,899"
"
                                        OPPO Reno6 5G Aurora Green                                    ","
6.43-inch Full HD, Dimensity 900U, 128GB, 4300mAh 
","₱23,999"
"
                                        Apple iPhone 12 Pro Max                                    ","
256GB Pacific Blue 
","₱73,980"
"
                                        Apple iPhone 12 Pro                                    ","
256GB Gold 
","₱67,980"
"
                                        Apple iPhone 13 Pro                                    ","
                                        256GB Silver                                        
","₱68,990"
"
                                        Samsung Galaxy M32 Black                                    ","
6.4-inch Full HD+, Helio 680, 128GB, 5000mAh 
","₱13,490"
"
                                        Apple iPhone 13                                    ","
                                        512GB Pink                                        
","₱68,990"
"
                                        realme XT Pearl Blue                                    ","
6.4-inch, Qualcomm SDM712 Snapdragon 712, 4000mAh 
","₱10,998"
"
                                        Samsung A52s 5G (8GB + 256GB) Awesome Mint                                    ","
6.5-inch Full HD+, SD 778G 5G, 256GB, 4500mAh 
","₱21,990"
"
                                        Vivo Y20S G Obsidian Black                                    ","
6.51-inch HD+, Helio G80, 128GB, 5000mAh 
","₱6,498"
"
                                        Apple iPhone 12 Pro                                    ","
256GB Silver 
","₱67,980"
"
                                        OPPO A15 Dynamic Black                                    ","
6.52-inch HD, MediaTek P35, 32GB, 4230mAh 
","₱6,499"
"
                                        Samsung Galaxy M12 (4GB + 64GB) Black                                    ","
6.5-inch HD+, Exynos 850, 64GB, 5000mAh 
","₱7,490"
"
                                        Samsung Galaxy A22 5G Mint                                    ","
6.6-inch Full HD+, Dimensity 700, 128GB, 5000mAh 
","₱12,990"
"
                                        ASUS ROG Phone II 128GB Black                                    ","
6.59-inch, Octa-Core, 128GB, 6000mAh 
","₱32,990"
"
                                        Apple iPhone 12 Pro Max                                    ","
512GB Pacific Blue 
","₱85,980"
"
                                        realme GT Master Edition (8GB + 256GB) Voyager Grey                                    ","
6.43-inch Full HD+, SD 778G 5G, 256GB, 4300mAh 
","₱22,190"
"
                                        OPPO A74 Prism Black                                    ","
6.43-inch Full HD+, SDM 662, 128GB, 5000mAh 
","₱11,999"
"
                                        Samsung Galaxy A22 5G White                                    ","
6.6-inch Full HD+, Dimensity 700, 128GB, 5000mAh 
","₱12,990"
"
                                        Apple iPhone 12 Pro                                    ","
128GB Gold 
","₱61,980"
"
                                        Huawei Y9 Prime 2019 Blue                                    ","
6.59-inch, Octa-Core, 128GB 
","₱6,998"
"
                                        Apple iPhone 13 mini                                    ","
                                        256GB Starlight                                        
","₱51,990"
"
                                        Huawei Nova 8i Moonlight Silver                                    ","
6.67-inch HD, Snapdragon 662, 128GB, 4200mAh 
","₱13,999"
"
                                        Apple iPhone 12 Pro                                    ","
256GB Pacific Blue 
","₱67,980"
"
                                        OPPO A15 (2GB + 32GB) Mystery Blue                                    ","
6.52-inch HD, MTK Helio P35, 32GB, 4230mAh 
","₱6,199"
"
                                        Apple iPhone 12 mini                                    ","
256GB Blue 
","₱45,480"
"
                                        Xiaomi 11 Lite 5G NE (8GB + 128GB) Tuscany Coral                                    ","
6.55-inch Full HD+, SD 778G, 128GB, 4250mAh 
","₱18,999"
"
                                        Apple iPhone 12 Pro                                    ","
128GB Pacific Blue 
","₱61,980"
"
                                        Samsung Galaxy A72 Awesome Blue                                    ","
6.7-inch Full HD+, SD720G, 256GB, 5000mAh 
","₱23,990"
"
                                        Apple iPhone 13                                    ","
                                        512GB Starlight                                        
","₱68,990"
"
                                        Apple iPhone 12 Pro                                    ","
512GB Silver 
","₱79,980"
"
                                        Apple iPhone 12 mini (PRODUCT)RED                                    ","
256GB Red 
","₱45,480"
"
                                        realme 8i (4GB + 64GB) Stellar Purple                                    ","
6.6-inch Full HD+, Helio G96, 64GB, 5000mAh 
","₱9,990"
"
                                        Apple iPhone 12 Pro Max                                    ","
512GB Graphite 
","₱85,980"
"
                                        Vivo Y12A Phantom Black                                    ","
6.51-inch HD+, Snapdragon 439, 32GB, 5000mAh 
","₱6,499"
"
                                        Apple iPhone 12 mini                                    ","
128GB Purple 
","₱39,280"
"
                                        realme C25 (4GB + 128GB) Watery Gray                                    ","
6.5-inch HD+, MTK Helio G70, 128GB, 6000mAh 
","₱8,490"
"
                                        Apple iPhone 12 Pro                                    ","
512GB Pacific Blue 
","₱79,980"
"
                                        realme C25 (4GB + 64GB) Blue                                    ","
6.5-inch HD+, Helio 670, 64GB, 6000mAh 
","₱7,490"
"
                                        Apple iPhone 12 Pro Max                                    ","
256GB Silver 
","₱73,980"
"
                                        Apple iPhone 12                                    ","
128GB Green 
","₱42,490"
"
                                        Huawei Mate30 Space Silver                                    ","
6.62-inch, Kirin 990, 128GB, 4200mAh 
","₱30,999"
"
                                        realme C25s (4GB + 64GB) Watery Gray                                    ","
6.5-inch HD+, MTK Helio G85, 64GB, 6000mAh 
","₱7,490"
"
                                        ASUS ROG 5S Pro (18GB + 512GB) Black                                    ","
6.78-inch Full HD, SD 888+, 512GB, 6000mAh 
","₱59,995"
"
                                        Apple iPhone 12 mini                                    ","
64GB White 
","₱33,490"
"
                                        Xiaomi Redmi 10 (6GB + 128GB) Pebble White                                    ","
6.53-inch Full HD+, MTK Helio G88, 128GB, 5000mAh 
","₱8,790"
"
                                        OPPO Reno4 Space Black                                    ","
6.43-inch Full HD+, Octa-Core, 128GB, 4015mAh 
","₱18,990"
"
                                        Apple iPhone 11                                    ","
256GB Black 
","₱40,290"
"
                                        Apple iPhone 12 Pro Max                                    ","
512GB Silver 
","₱85,980"
"
                                        Vivo V23 5G Stardust Black                                    ","
6.44-inch Full HD+, MTK D920, 256GB, 4200mAh 
","₱27,999"
"
                                        Apple iPhone 12                                    ","
256GB White 
","₱53,990"
"
                                        Samsung Galaxy A32 Awesome White                                    ","
6.4-inch Full HD+, Helio G80, 128GB, 5000mAh 
","₱12,990"
"
                                        Apple iPhone 12                                    ","
256GB Purple 
","₱53,990"
"
                                        realme C25s (4GB + 128GB) Watery Gray                                    ","
6.5-inch HD+, MTK Helio G85, 128GB, 6000mAh 
","₱8,490"
"
                                        Xiaomi Mi 11 Lite (8GB + 128GB) Bubblegum Blue                                    ","
6.55-inch Full HD+, SD 732G, 128GB, 4250mAh 
","₱14,990"
"
                                        Apple iPhone 11                                    ","
256GB White 
","₱40,290"
"
                                        Apple iPhone 12 Pro Max                                    ","
256GB Gold 
","₱73,980"
"
                                        Apple iPhone 12                                    ","
256GB Blue 
","₱53,990"
"
                                        Vivo Y20S G Purist Blue                                    ","
6.51-inch HD+, Helio G80, 128GB, 5000mAh 
","₱6,498"
"
                                        Samsung Galaxy A03s (4GB + 64GB) White                                    ","
6.5-inch HD+, MTK Helio P35, 64GB, 5000mAh 
","₱5,990"
"
                                        Xiaomi 11T Pro (12GB + 256GB) Meteorite Gray                                    ","
6.67-inch Full HD+, SD 888, 256GB, 5000mAh 
","₱29,999"
"
                                        Apple iPhone 12 mini                                    ","
128GB Black 
","₱39,280"
"
                                        Vivo V15 Topaz Blue                                    ","
6.53-inch Full HD+, Mediatek Helio P70, 128GB, 4000mAh 
","₱8,999"
"
                                        realme C11 2021 (4GB + 64GB) Lake Blue                                    ","
6.5-inch HD, Octacore 64-bit, 64GB, 5000mAh 
","₱5,999"
"
                                        Apple iPhone 12 Pro Max                                    ","
128GB Pacific Blue 
","₱67,980"
"
                                        Apple iPhone 12 mini (PRODUCT)RED                                    ","
128GB Red 
","₱39,280"
"
                                        ASUS ROG 5 Classic (16GB + 256GB) Black                                    ","
6.78-inch AMOLED, Snapdragon 888 5G, 256GB, 6000mAh 
","₱54,995"
"
                                        Huawei Mate 40 Pro Mystic Silver                                    ","
6.76-inch, Octa-Core, 256GB + 8GB, 4400mAh 
","₱55,999"
"
                                        Apple iPhone 13 mini (PRODUCT)RED                                    ","
                                        128GB Red                                        
","₱45,990"
"
                                        realme 8 Pro (8GB + 128GB) Infinite Blue                                    ","
6.4-inch Full HD+, Snapdragon 720G, 128GB, 4500mAh 
","₱17,190"
"
                                        realme GT Master Edition (8GB + 256GB) Daybreak Blue                                    ","
6.43-inch Full HD+, SD 778G 5G, 256GB, 4300mAh 
","₱22,190"
"
                                        Apple iPhone 12 mini                                    ","
128GB Green 
","₱39,280"
"
                                        Xiaomi 11T (8GB + 128GB) Celestial Blue                                    ","
6.67-inch Full HD+, MTK D1200-Ultra, 128GB, 5000mAh 
","₱21,999"
"
                                        Samsung Galaxy M12 (4GB + 64GB) Blue                                    ","
6.5-inch HD+, Exynos 850, 64GB, 5000mAh 
","₱7,490"
"
                                        Apple iPhone 12 Pro                                    ","
128GB Silver 
","₱61,980"
"
                                        Apple iPhone 12                                    ","
64GB Green 
","₱39,490"
"
                                        OPPO A15 (2GB + 32GB) Dynamic Black                                    ","
6.52-inch HD, MTK Helio P35, 32GB, 4230mAh 
","₱6,199"
"
                                        Apple iPhone 12 mini                                    ","
256GB Black 
","₱45,480"
"
                                        Huawei Nova 9 (8GB + 256GB) Starry Blue                                    ","
6.57-inch Full HD+, SD 778G 4G, 256GB, 4300mAh 
","₱19,999"
"
                                        Apple iPhone 12 Pro Max                                    ","
128GB Graphite 
","₱67,980"
"
                                        Xiaomi Redmi 9C (4GB + 128GB) Midnight Gray                                    ","
6.53-inch HD+, Helio G35, 128GB, 5000mAh 
","₱6,599"
"
                                        Apple iPhone 12 Pro                                    ","
512GB Graphite 
","₱79,980"
"
                                        Apple iPhone 12 mini                                    ","
256GB Green 
","₱45,480"
"
                                        Apple iPhone 13 Pro Max                                    ","
                                        512GB Gold                                        
","₱88,990"
"
                                        realme 8i (4GB + 64GB) Space Black                                    ","
6.6-inch Full HD+, Helio G96, 64GB, 5000mAh 
","₱9,990"
"
                                        Apple iPhone 12 Pro Max                                    ","
256GB Graphite 
","₱73,980"
"
                                        Xiaomi Redmi 9C (4GB + 128GB) Twilight Blue                                    ","
6.53-inch HD+, Helio G35, 128GB, 5000mAh 
","₱6,599"
"
                                        Apple iPhone 12                                    ","
128GB White 
","₱42,490"
"
                                        Apple iPhone 12 mini                                    ","
64GB Purple 
","₱36,980"
"
                                        realme C25 (4GB + 128GB) Watery Blue                                    ","
6.5-inch HD+, MTK Helio G70, 128GB, 6000mAh 
","₱8,490"
"
                                        Apple iPhone 12 Pro                                    ","
512GB Gold 
","₱79,980"
"
                                        Vivo Y33s (8GB + 128GB) Mirror Black                                    ","
6.58-inch Full HD+, Helio G80, 128GB, 5000mAh 
","₱12,999"
"
                                        Huawei P40 Pro Deep Blue Sea                                    ","
                                        6.58-inch, Kirin 990 5G, 256GB, 4200 mAh                                        
","₱45,999"
"
                                        Apple iPhone 12 Pro Max                                    ","
128GB Silver 
","₱67,980"
"
                                        Vivo Y12A Glacier Blue                                    ","
6.51-inch HD+, Snapdragon 439, 32GB, 5000mAh 
","₱6,499"
"
                                        Huawei Mate30 Pro Space Silver                                    ","
6.53-inch, Kirin 990, 256GB, 4500mAh 
","₱35,998"
"
                                        Apple iPhone 12 mini                                    ","
256GB Purple 
","₱45,480"
"
                                        realme C25s (4GB + 64GB) Watery Blue                                    ","
6.5-inch HD+, MTK Helio G85, 64GB, 6000mAh 
","₱7,490"
"
                                        Apple iPhone 12 mini                                    ","
64GB Black 
","₱34,490"
"
                                        Xiaomi Redmi 10 (6GB + 128GB) Carbon Gray                                    ","
6.53-inch Full HD+, MTK Helio G88, 128GB, 5000mAh 
","₱8,799"
"
                                        Apple iPhone 13 Pro Max                                    ","
                                        1TB Gold                                        
","₱102,990"
"
                                        realme C25 (4GB + 64GB) Gray                                    ","
6.5-inch HD+, Helio 670, 64GB, 6000mAh 
","₱7,490"
"
                                        Huawei Mate30 Black                                    ","
6.62-inch, Kirin 990, 128GB, 4200mAh 
","₱30,999"
"
                                        Apple iPhone 12                                    ","
128GB Purple 
","₱44,990"
"
                                        realme C25s (4GB + 128GB) Watery Blue                                    ","
6.5-inch HD+, MTK Helio G85, 128GB, 6000mAh 
","₱8,490"
"
                                        Apple iPhone 12 mini (PRODUCT)RED                                    ","
64GB Red 
","₱36,990"
"
                                        Xiaomi Redmi 10 (6GB + 128GB) Sea Blue                                    ","
6.53-inch Full HD+, MTK Helio G88, 128GB, 5000mAh 
","₱8,790"
"
                                        Apple iPhone 12 Pro Max                                    ","
128GB Gold 
","₱67,980"
"
                                        Apple iPhone 12 (PRODUCT)RED                                    ","
256GB Red 
","₱53,990"
"
                                        Samsung Galaxy S21+ 5G 256GB Phantom Black                                    ","
                                        6.7-inch Full HD+, Exynos 2100, 256GB, 4800mAh                                        
","₱57,990"
"
                                        Apple iPhone 12 mini                                    ","
64GB Green 
","₱34,490"
"
                                        Xiaomi Mi 11 Lite (8GB + 128GB) Boba Black                                    ","
6.55-inch Full HD+, SD 732G, 128GB, 4250mAh 
","₱14,990"
"
                                        Apple iPhone 11 (PRODUCT)RED                                    ","
256GB Red 
","₱40,290"
"
                                        Apple iPhone 12 Pro Max                                    ","
512GB Gold 
","₱85,980"
"
                                        Apple iPhone 12                                    ","
256GB Green 
","₱53,990"
"
                                        ASUS ROG 5 Classic (8GB + 128GB) Black                                    ","
6.78-inch AMOLED, Snapdragon 888 5G, 128GB, 6000mAh 
","₱43,995"
"
                                        Lenovo Legion Duel 2 Ultimate Black                                    ","
6.92-inch HDR10+, Qualcomm SD 888 5G, 256GB, 5500mAh 
","₱43,995"
"
                                        Apple iPhone 12 mini                                    ","
128GB White 
","₱39,280"
"
                                        Samsung Galaxy S21+ 5G 256GB Phantom Violet                                    ","
6.7-inch Full HD+, Exynos 2100, 256GB, 4800mAh 
","₱57,990"
"
                                        OPPO A92 Twilight Black                                    ","
6.5-inch IPS LCD Full HD+, SDM 665, 8GB, 5000mAh 
","₱13,990"
"
                                        realme 8 Pro (8GB + 128GB) Infinite Black                                    ","
6.4-inch Full HD+, Snapdragon 720G, 128GB, 4500mAh 
","₱17,190"
"
                                        realme C11 2021 (4GB + 64GB) Iron Grey                                    ","
6.5-inch HD, Octacore 64-bit, 64GB, 5000mAh 
","₱5,999"
"
                                        Apple iPhone 12 mini                                    ","
128GB Blue 
","₱39,280"
"
                                        Apple iPhone 12 Pro                                    ","
128GB Graphite. 
","₱61,980"
